time_s,true_x_m,true_y_m,true_vx_mps,true_vy_mps,true_ax_mps2,true_ay_mps2,imu_ax_mps2,imu_ay_mps2,gps_x_m,gps_y_m,gps_available
0.0,0.0,0.0,1.5,0.3,0.35,0.05,0.3957075619631647,-0.03663083310334757,1.2606801284237572,-0.30719011983328914,1
0.1,0.15175000000000002,0.03025,1.535,0.305,0.35,0.05,0.19400238406392564,0.24116708254118585,,,0
0.2,0.307,0.061,1.5699999999999998,0.31,0.35,0.05,0.46256767937096854,-0.04413813046553794,,,0
0.30000000000000004,0.46574999999999994,0.09225,1.6049999999999998,0.315,0.35,0.05,0.49108470745868205,-0.04549229246533534,,,0
0.4,0.628,0.124,1.6399999999999997,0.32,0.35,0.05,0.057344721701924506,0.1311697416206797,,,0
0.5,0.7937500000000001,0.15625,1.6749999999999996,0.325,0.35,0.05,0.15467307397065228,0.1644389723505405,-1.157940861216776,-1.8663873851735269,1
0.6000000000000001,0.9630000000000001,0.189,1.7099999999999995,0.33,0.35,0.05,0.36917606047509277,0.11721490459043053,,,0
0.7000000000000001,1.13575,0.22225,1.7449999999999994,0.335,0.35,0.05,0.30256361114846264,-0.20283959760772124,,,0
0.8,1.3119999999999998,0.256,1.7799999999999994,0.34,0.35,0.05,0.34747982637435665,0.13070516598923765,,,0
0.9,1.4917499999999997,0.29025,1.8149999999999993,0.34500000000000003,0.35,0.05,0.22204341086396298,-0.10514620775115983,,,0
1.0,1.6749999999999996,0.32499999999999996,1.8499999999999992,0.35000000000000003,0.35,0.05,0.48190969622942426,0.08529141673823953,-0.46201119323812656,-2.3135288859768277,1
1.1,1.8617499999999993,0.36024999999999996,1.8849999999999991,0.35500000000000004,0.35,0.05,0.4666687903143422,-0.163560165309859,,,0
1.2000000000000002,2.051999999999999,0.3959999999999999,1.919999999999999,0.36000000000000004,0.35,0.05,0.3599046046341824,0.11694832213145955,,,0
1.3,2.245749999999999,0.4322499999999999,1.954999999999999,0.36500000000000005,0.35,0.05,0.5190861810452049,-0.07098983564610588,,,0
1.4000000000000001,2.4429999999999987,0.46899999999999986,1.9899999999999989,0.37000000000000005,0.35,0.05,0.4201264013378068,-0.14239519753907826,,,0
1.5,2.6437499999999985,0.5062499999999999,2.024999999999999,0.37500000000000006,0.35,0.05,0.22110613056751424,0.15707302047235994,9.488648631828184,1.3987832135566647,1
1.6,2.8479999999999985,0.5439999999999998,2.059999999999999,0.38000000000000006,0.35,0.05,0.4053126176123748,0.08624667825151269,,,0
1.7000000000000002,3.0557499999999984,0.5822499999999998,2.0949999999999993,0.38500000000000006,0.35,0.05,0.20616760987565014,-0.04209652020893456,,,0
1.8,3.266999999999998,0.6209999999999998,2.1299999999999994,0.39000000000000007,0.35,0.05,0.4817675451960909,0.2676768273531596,,,0
1.9000000000000001,3.481749999999998,0.6602499999999998,2.1649999999999996,0.3950000000000001,0.35,0.05,0.342511113352062,-0.016097863235461363,,,0
2.0,3.699999999999998,0.6999999999999997,2.1999999999999997,0.4000000000000001,0.35,0.05,0.3222706454682109,0.054816151095640205,6.360277163214214,-0.7672324043567715,1
2.1,3.921749999999998,0.7402499999999997,2.235,0.4050000000000001,0.35,0.05,0.24786056833940878,0.09033701715179014,,,0
2.2,4.1469999999999985,0.7809999999999997,2.27,0.4100000000000001,0.35,0.05,0.5333812008011045,-0.04294989011929204,,,0
2.3000000000000003,4.375749999999999,0.8222499999999997,2.305,0.4150000000000001,0.35,0.05,0.32682057768967965,0.1206704440099894,,,0
2.4000000000000004,4.608,0.8639999999999997,2.3400000000000003,0.4200000000000001,0.35,0.05,0.28575082667553386,-0.030017852074708667,,,0
2.5,4.84375,0.9062499999999997,2.3750000000000004,0.4250000000000001,0.35,0.05,0.29717996742676556,-0.011745748332431374,4.285879968441853,-1.2344119441110655,1
2.6,5.083,0.9489999999999996,2.4100000000000006,0.4300000000000001,0.35,0.05,0.4298463778330023,0.2543963959705012,,,0
2.7,5.32575,0.9922499999999996,2.4450000000000007,0.4350000000000001,0.35,0.05,0.40481660965461175,-0.10608790787686496,,,0
2.8000000000000003,5.572000000000001,1.0359999999999998,2.480000000000001,0.4400000000000001,0.35,0.05,0.41190989173939824,-0.3119170496394235,,,0
2.9000000000000004,5.8217500000000015,1.08025,2.515000000000001,0.4450000000000001,0.35,0.05,0.41462315045118237,0.2916405492517841,,,0
3.0,6.075000000000002,1.125,2.550000000000001,0.4500000000000001,0.35,0.05,0.6712471401305691,0.43239919289105044,-1.8801250047576037,-3.009027830543599,1
3.1,6.331750000000002,1.17025,2.5850000000000013,0.4550000000000001,0.35,0.05,0.28903774754230765,-0.01079038981739977,,,0
3.2,6.592000000000002,1.2160000000000002,2.6200000000000014,0.46000000000000013,0.35,0.05,0.27316359063926937,-0.2405257060930278,,,0
3.3000000000000003,6.855750000000003,1.2622500000000003,2.6550000000000016,0.46500000000000014,0.35,0.05,0.22793409076281834,0.003427403570608438,,,0
3.4000000000000004,7.123000000000004,1.3090000000000004,2.6900000000000017,0.47000000000000014,0.35,0.05,0.4423969133863243,0.007066557523899626,,,0
3.5,7.393750000000004,1.3562500000000004,2.725000000000002,0.47500000000000014,0.35,0.05,0.5193458439081338,0.021511423846661448,1.9618939600588199,-5.393101333854822,1
3.6,7.668000000000005,1.4040000000000006,2.760000000000002,0.48000000000000015,0.35,0.05,0.33290788135176874,-0.11700820628827723,,,0
3.7,7.945750000000005,1.4522500000000007,2.795000000000002,0.48500000000000015,0.35,0.05,0.22397652845562077,0.13693417137147162,,,0
3.8000000000000003,8.227000000000004,1.5010000000000008,2.8300000000000023,0.49000000000000016,0.35,0.05,0.22632781764631404,0.12867610629291293,,,0
3.9000000000000004,8.511750000000003,1.5502500000000008,2.8650000000000024,0.49500000000000016,0.35,0.05,0.44758891817370516,-0.17416084297289597,,,0
4.0,8.800000000000002,1.600000000000001,2.9000000000000026,0.5000000000000001,0.35,0.05,0.46148812568051634,0.15487950975423317,5.213923077105694,5.574867038144893,1
4.1000000000000005,9.091750000000003,1.650250000000001,2.9350000000000027,0.5050000000000001,0.35,0.05,0.4314731402457792,0.35790274729188365,,,0
4.2,9.387000000000002,1.7010000000000012,2.970000000000003,0.5100000000000001,0.35,0.05,0.2501735439066958,0.07579404986555899,,,0
4.3,9.685750000000002,1.7522500000000012,3.005000000000003,0.5150000000000001,0.35,0.05,0.3848241984600079,-0.0005987743102759055,,,0
4.4,9.988000000000001,1.8040000000000014,3.040000000000003,0.5200000000000001,0.35,0.05,0.3675028713711092,0.028699517838871806,,,0
4.5,10.293750000000001,1.8562500000000015,3.0750000000000033,0.5250000000000001,0.35,0.05,0.38280328950935194,0.14228851504528417,10.160441496886937,5.7279412869635244,1
4.6000000000000005,10.603000000000002,1.9090000000000016,3.1100000000000034,0.5300000000000001,0.35,0.05,0.4807143166922284,-0.2096007408260827,,,0
4.7,10.915750000000001,1.9622500000000016,3.1450000000000036,0.5350000000000001,0.35,0.05,0.3835393323162023,0.07465860544659533,,,0
4.800000000000001,11.232000000000001,2.0160000000000013,3.1800000000000037,0.5400000000000001,0.35,0.05,0.4518370344607842,-0.008569592419421512,,,0
4.9,11.55175,2.070250000000001,3.215000000000004,0.5450000000000002,0.35,0.05,0.3601368604233337,0.3271737519434068,,,0
5.0,11.875,2.125000000000001,3.250000000000004,0.5500000000000002,0.35,0.05,0.3933679098034976,0.023874089929256322,13.107947730702627,4.472676477145479,1
5.1000000000000005,12.20175,2.180250000000001,3.285000000000004,0.5550000000000002,0.35,0.05,0.444693233875781,0.3001831416679279,,,0
5.2,12.532,2.2360000000000007,3.3200000000000043,0.5600000000000002,0.35,0.05,0.13142662702165,-0.11556110466730109,,,0
5.300000000000001,12.86575,2.2922500000000006,3.3550000000000044,0.5650000000000002,0.35,0.05,0.3020493175464048,0.13808887502041883,,,0
5.4,13.203,2.3490000000000006,3.3900000000000046,0.5700000000000002,0.35,0.05,0.27944410185608065,0.09791003956868433,,,0
5.5,13.54375,2.4062500000000004,3.4250000000000047,0.5750000000000002,0.35,0.05,0.2541683227634987,-0.08035708717971736,10.841059014086273,3.978102862578013,1
5.6000000000000005,13.888,2.4640000000000004,3.460000000000005,0.5800000000000002,0.35,0.05,0.30872866231599744,0.07660941719554107,,,0
5.7,14.23575,2.52225,3.495000000000005,0.5850000000000002,0.35,0.05,0.5742411966851594,0.23187782552474007,,,0
5.800000000000001,14.587,2.581,3.530000000000005,0.5900000000000002,0.35,0.05,0.2201253326460135,0.001431244357009899,,,0
5.9,14.941749999999999,2.64025,3.5650000000000053,0.5950000000000002,0.35,0.05,0.4952417531887221,-0.2037943973754645,,,0
6.0,15.299999999999999,2.6999999999999997,3.6000000000000054,0.6000000000000002,0.35,0.05,0.09756953425762926,0.047365576028383115,17.486142702223038,0.9700581232989209,1
6.1000000000000005,15.66175,2.7602499999999996,3.6350000000000056,0.6050000000000002,0.35,0.05,0.29976724550213374,-0.08536346421887687,,,0
6.2,16.027,2.8209999999999997,3.6700000000000057,0.6100000000000002,0.35,0.05,0.37441295976575084,-0.0013511407995823524,,,0
6.300000000000001,16.395750000000003,2.8822499999999995,3.705000000000006,0.6150000000000002,0.35,0.05,0.4379333497038917,0.03776183454723186,,,0
6.4,16.768000000000004,2.9439999999999995,3.740000000000006,0.6200000000000002,0.35,0.05,0.4566839869689282,-0.20584783240232757,,,0
6.5,17.143750000000008,3.006249999999999,3.775000000000006,0.6250000000000002,0.35,0.05,0.46900208527998877,-0.19234875089810172,18.822371111848508,4.704813275724498,1
6.6000000000000005,17.52300000000001,3.068999999999999,3.8100000000000063,0.6300000000000002,0.35,0.05,0.2976912391627343,0.12231002532882879,,,0
6.7,17.905750000000012,3.132249999999999,3.8450000000000064,0.6350000000000002,0.35,0.05,0.2806472311003149,-0.028407804425452043,,,0
6.800000000000001,18.292000000000012,3.195999999999999,3.8800000000000066,0.6400000000000002,0.35,0.05,0.478696382188573,-0.33471165127308505,,,0
6.9,18.681750000000015,3.2602499999999988,3.9150000000000067,0.6450000000000002,0.35,0.05,0.32130435126775775,0.16772660549122026,,,0
7.0,19.075000000000017,3.324999999999999,3.950000000000007,0.6500000000000002,0.35,0.05,0.15864705149931171,0.09085546329113597,17.42634213660977,-0.04330529681298634,1
7.1000000000000005,19.471750000000018,3.3902499999999987,3.985000000000007,0.6550000000000002,0.35,0.05,0.1800069178994779,-0.05708122360547259,,,0
7.2,19.87200000000002,3.4559999999999986,4.020000000000007,0.6600000000000003,0.35,0.05,0.21208215709975828,-0.1475245316587362,,,0
7.300000000000001,20.275750000000023,3.5222499999999983,4.055000000000007,0.6650000000000003,0.35,0.05,0.4245741116080646,0.17537118444715055,,,0
7.4,20.683000000000025,3.588999999999998,4.090000000000007,0.6700000000000003,0.35,0.05,0.3713638604105848,0.10240259338406443,,,0
7.5,21.09375000000003,3.6562499999999982,4.125000000000007,0.6750000000000003,0.35,0.05,0.45357280311016523,0.40739034240261096,17.541365004305213,3.9157666257643835,1
7.6000000000000005,21.50800000000003,3.723999999999998,4.160000000000007,0.6800000000000003,0.35,0.05,0.28591210304951986,0.1130282898087406,,,0
7.7,21.925750000000033,3.792249999999998,4.195000000000007,0.6850000000000003,0.35,0.05,0.3737809536615071,0.10815547118930222,,,0
7.800000000000001,22.347000000000033,3.860999999999998,4.2300000000000075,0.6900000000000003,0.35,0.05,0.4438385590951005,0.024960810483715234,,,0
7.9,22.771750000000036,3.930249999999998,4.265000000000008,0.6950000000000003,0.35,0.05,0.3035980190419642,0.17251638008011866,,,0
8.0,23.20000000000004,3.999999999999998,4.300000000000008,0.7000000000000003,0.05,0.25,0.11851628563361172,0.34376278018722306,24.181029606367982,1.6224225086262543,1
8.1,23.63025000000004,4.071249999999997,4.305000000000008,0.7250000000000003,0.05,0.25,-0.04928889115999768,0.43775875128477926,,,0
8.200000000000001,24.061000000000043,4.144999999999997,4.310000000000008,0.7500000000000003,0.05,0.25,-0.004458076984760764,0.1718015622044073,,,0
8.3,24.492250000000045,4.221249999999997,4.3150000000000075,0.7750000000000004,0.05,0.25,-0.007260684099749358,0.18468887905840564,,,0
8.4,24.924000000000046,4.299999999999996,4.320000000000007,0.8000000000000004,0.05,0.25,-0.12937594683835596,0.17813452436320298,,,0
8.5,25.35625000000005,4.381249999999996,4.325000000000007,0.8250000000000004,0.05,0.25,0.12304587211783727,0.3686202581768484,25.436006023978344,6.092861108415452,1
8.6,25.78900000000005,4.464999999999996,4.330000000000007,0.8500000000000004,0.05,0.25,-0.02041035103040857,0.47475616604450976,,,0
8.700000000000001,26.222250000000052,4.551249999999996,4.335000000000007,0.8750000000000004,0.05,0.25,0.05187411780915312,0.1811739260276049,,,0
8.8,26.656000000000056,4.639999999999996,4.340000000000007,0.9000000000000005,0.05,0.25,0.12211199883588635,0.18628394083103633,,,0
8.9,27.090250000000058,4.731249999999996,4.345000000000007,0.9250000000000005,0.05,0.25,0.11697967640449161,0.29711158358046985,,,0
9.0,27.52500000000006,4.824999999999996,4.350000000000007,0.9500000000000005,0.05,0.25,0.14980776634591794,0.2131357749980648,29.37957214399596,9.480640360367461,1
9.1,27.960250000000062,4.921249999999995,4.355000000000007,0.9750000000000005,0.05,0.25,0.03522717732358646,0.39280804797098345,,,0
9.200000000000001,28.396000000000065,5.019999999999995,4.3600000000000065,1.0000000000000004,0.05,0.25,-0.013494746806623062,-0.08776659359285699,,,0
9.3,28.832250000000066,5.1212499999999945,4.365000000000006,1.0250000000000004,0.05,0.25,0.03804226836404015,0.1259942429624658,,,0
9.4,29.26900000000007,5.224999999999994,4.370000000000006,1.0500000000000003,0.05,0.25,-0.2031001650937045,0.13263754990578314,,,0
9.5,29.70625000000007,5.3312499999999945,4.375000000000006,1.0750000000000002,0.05,0.25,-0.16706687086346306,-0.09805340185792172,33.5371924965942,2.3273757017303622,1
9.600000000000001,30.144000000000073,5.439999999999994,4.380000000000006,1.1,0.05,0.25,-0.14840494185316033,0.1054542333446794,,,0
9.700000000000001,30.582250000000073,5.551249999999994,4.385000000000006,1.125,0.05,0.25,-0.09958702414022226,0.11272658262311108,,,0
9.8,31.021000000000075,5.664999999999994,4.390000000000006,1.15,0.05,0.25,0.10996613400851549,0.21983430182217545,,,0
9.9,31.460250000000077,5.781249999999994,4.395000000000006,1.1749999999999998,0.05,0.25,-0.08582185830400911,0.41694488374903954,,,0
10.0,31.900000000000077,5.899999999999993,4.400000000000006,1.1999999999999997,0.05,0.25,-0.006724383105908449,0.21324090232139464,36.950758628614146,4.307070486332849,1
10.100000000000001,32.340250000000076,6.021249999999993,4.405000000000006,1.2249999999999996,0.05,0.25,0.2448842446679098,0.09537794195932695,,,0
10.200000000000001,32.78100000000008,6.1449999999999925,4.4100000000000055,1.2499999999999996,0.05,0.25,-0.0034395956592138885,0.24145681881797065,,,0
10.3,33.22225000000008,6.271249999999992,4.415000000000005,1.2749999999999995,0.05,0.25,0.16062733527006298,0.4073760432162024,,,0
10.4,33.66400000000008,6.399999999999992,4.420000000000005,1.2999999999999994,0.05,0.25,-0.09004265200148155,0.10360617758276428,,,0
10.5,34.10625000000008,6.531249999999992,4.425000000000005,1.3249999999999993,0.05,0.25,0.0191843663198555,0.11341376741178272,37.24086843736336,6.735209878153259,1
10.600000000000001,34.549000000000085,6.664999999999992,4.430000000000005,1.3499999999999992,0.05,0.25,-0.09250330823658719,0.3337823438911335,,,0
10.700000000000001,34.992250000000084,6.801249999999992,4.435000000000005,1.3749999999999991,0.05,0.25,-0.0008549613850843685,0.21676958264037993,,,0
10.8,35.436000000000085,6.9399999999999915,4.440000000000005,1.399999999999999,0.05,0.25,0.1760462206186093,0.34712270360642117,,,0
10.9,35.88025000000009,7.081249999999991,4.445000000000005,1.424999999999999,0.05,0.25,-0.2090980634788523,0.2479529812307055,,,0
11.0,36.32500000000009,7.224999999999991,4.450000000000005,1.4499999999999988,0.05,0.25,0.1151635465318786,0.35524954721343505,35.08855186462919,1.8019094206751927,1
11.100000000000001,36.77025000000009,7.37124999999999,4.4550000000000045,1.4749999999999988,0.05,0.25,0.08566034034984168,0.09473828289390387,,,0
11.200000000000001,37.21600000000009,7.51999999999999,4.460000000000004,1.4999999999999987,0.05,0.25,-0.03912249335451916,0.24818730238175987,,,0
11.3,37.66225000000009,7.671249999999989,4.465000000000004,1.5249999999999986,0.05,0.25,-0.16690867815826815,0.21839649784552648,,,0
11.4,38.109000000000094,7.824999999999989,4.470000000000004,1.5499999999999985,0.05,0.25,0.06081942615708043,0.0676163613843804,,,0
11.5,38.5562500000001,7.981249999999989,4.475000000000004,1.5749999999999984,0.05,0.25,-0.02942390635957036,0.015478307819696752,38.04155646935105,3.303100294083162,1
11.600000000000001,39.0040000000001,8.13999999999999,4.480000000000004,1.5999999999999983,0.05,0.25,0.0849014317032056,0.35286235529119925,,,0
11.700000000000001,39.4522500000001,8.30124999999999,4.485000000000004,1.6249999999999982,0.05,0.25,0.05327782182851643,0.19735714266730328,,,0
11.8,39.9010000000001,8.464999999999991,4.490000000000004,1.6499999999999981,0.05,0.25,0.2902668336981373,0.09665795775290056,,,0
11.9,40.3502500000001,8.63124999999999,4.495000000000004,1.674999999999998,0.05,0.25,0.014096655879046363,0.23557315946150018,,,0
12.0,40.800000000000104,8.799999999999992,4.5000000000000036,1.699999999999998,0.05,0.25,-0.10352462389327972,0.4192028286023954,43.70189770752842,13.350377971417736,1
12.100000000000001,41.25025000000011,8.971249999999992,4.5050000000000034,1.7249999999999979,0.05,0.25,0.07689134524344743,-0.09211067680578844,,,0
12.200000000000001,41.70100000000011,9.144999999999992,4.510000000000003,1.7499999999999978,0.05,0.25,0.08299950259576477,0.02550419651450106,,,0
12.3,42.15225000000011,9.321249999999992,4.515000000000003,1.7749999999999977,0.05,0.25,0.2538781362860655,0.11156703371570986,,,0
12.4,42.60400000000011,9.499999999999993,4.520000000000003,1.7999999999999976,0.05,0.25,0.17526668688718677,0.46917683000804933,,,0
12.5,43.05625000000011,9.681249999999993,4.525000000000003,1.8249999999999975,0.05,0.25,0.1035306588724264,0.2923880474378945,40.66551703211004,10.587162227557807,1
12.600000000000001,43.509000000000114,9.864999999999993,4.530000000000003,1.8499999999999974,0.05,0.25,0.26949543368293427,0.365097586069184,,,0
12.700000000000001,43.96225000000012,10.051249999999994,4.535000000000003,1.8749999999999973,0.05,0.25,-0.12831445814842762,0.07897586213106542,,,0
12.8,44.41600000000012,10.239999999999995,4.540000000000003,1.8999999999999972,0.05,0.25,-0.045962729912462155,0.08206961870942106,,,0
12.9,44.87025000000012,10.431249999999995,4.545000000000003,1.9249999999999972,0.05,0.25,-0.08898639121082873,0.31717205750840655,,,0
13.0,45.325000000000124,10.624999999999995,4.5500000000000025,1.949999999999997,0.05,0.25,-0.008471470473365189,0.25874114964031697,43.1488254339762,8.739545809589625,1
13.100000000000001,45.78025000000012,10.821249999999996,4.555000000000002,1.974999999999997,0.05,0.25,-0.1565029221334463,0.332310822829619,,,0
13.200000000000001,46.236000000000125,11.019999999999996,4.560000000000002,1.999999999999997,0.05,0.25,0.14527264202216064,0.2218493513607322,,,0
13.3,46.69225000000013,11.221249999999996,4.565000000000002,2.024999999999997,0.05,0.25,0.016666595435184,0.2917215589681941,,,0
13.4,47.14900000000013,11.424999999999995,4.570000000000002,2.0499999999999967,0.05,0.25,-0.1706209441753987,0.27371786273576637,,,0
13.5,47.60625000000013,11.631249999999996,4.575000000000002,2.0749999999999966,0.05,0.25,-0.10233686218113124,0.3666651083627388,49.92973411159625,11.515635214469759,1
13.600000000000001,48.064000000000135,11.839999999999996,4.580000000000002,2.0999999999999965,0.05,0.25,0.0970270771175293,0.3710512422916706,,,0
13.700000000000001,48.522250000000135,12.051249999999996,4.585000000000002,2.1249999999999964,0.05,0.25,0.17571898518415718,0.00701920084123453,,,0
13.8,48.98100000000014,12.264999999999997,4.590000000000002,2.1499999999999964,0.05,0.25,0.349509633753768,-0.08709028330112834,,,0
13.9,49.44025000000014,12.481249999999998,4.5950000000000015,2.1749999999999963,0.05,0.25,0.4870793699010994,0.40026180964772606,,,0
14.0,49.90000000000014,12.699999999999998,4.600000000000001,2.199999999999996,0.05,0.25,0.11216141499139945,0.4281587639892905,55.11894412579318,11.253302563891234,1
14.100000000000001,50.36025000000014,12.921249999999997,4.605000000000001,2.224999999999996,0.05,0.25,-0.09843071800477961,0.0969065470729994,,,0
14.200000000000001,50.82100000000015,13.144999999999998,4.610000000000001,2.249999999999996,0.05,0.25,-0.26980694210969636,-0.028975310981844304,,,0
14.3,51.28225000000015,13.371249999999998,4.615000000000001,2.274999999999996,0.05,0.25,0.09015671935157538,0.2648552231510801,,,0
14.4,51.74400000000015,13.599999999999998,4.620000000000001,2.299999999999996,0.05,0.25,-0.07194116429654888,0.3896257339525794,,,0
14.5,52.20625000000015,13.831249999999999,4.625000000000001,2.3249999999999957,0.05,0.25,-0.012303589026952791,0.5196391783651472,55.20425899742362,14.123490238873345,1
14.600000000000001,52.66900000000015,14.065,4.630000000000001,2.3499999999999956,0.05,0.25,-0.04181451985897121,0.32744463581521766,,,0
14.700000000000001,53.132250000000155,14.30125,4.635000000000001,2.3749999999999956,0.05,0.25,0.028881367037542214,0.19424249551214576,,,0
14.8,53.59600000000016,14.54,4.640000000000001,2.3999999999999955,0.05,0.25,0.20989703461814652,0.11603040676227061,,,0
14.9,54.06025000000016,14.78125,4.6450000000000005,2.4249999999999954,0.05,0.25,0.0735572851168017,0.25171769375059816,,,0
15.0,54.52500000000016,15.025,4.65,2.4499999999999953,0.05,0.25,0.02620477444419676,0.20511029441721154,56.91233402923286,13.683527028010161,1
15.100000000000001,54.99025000000017,15.27125,4.655,2.474999999999995,0.05,0.25,-0.10534806292387174,0.09773981414067759,,,0
15.200000000000001,55.45600000000017,15.52,4.66,2.499999999999995,0.05,0.25,-0.20120244170565355,0.5573133476294929,,,0
15.3,55.92225000000017,15.77125,4.665,2.524999999999995,0.05,0.25,-0.022946186360999626,0.5177752603108197,,,0
15.4,56.38900000000017,16.025,4.67,2.549999999999995,0.05,0.25,0.04193261737725193,0.42040730253331426,,,0
15.5,56.85625000000017,16.281249999999996,4.675,2.574999999999995,0.05,0.25,0.3151894870369824,0.11187244032863086,56.70757348734543,15.934753362103192,1
15.600000000000001,57.324000000000176,16.539999999999996,4.68,2.5999999999999948,0.05,0.25,0.06954117822093288,0.3782528986445918,,,0
15.700000000000001,57.79225000000017,16.801249999999992,4.685,2.6249999999999947,0.05,0.25,0.1974109266534586,0.34594396142468525,,,0
15.8,58.26100000000017,17.06499999999999,4.6899999999999995,2.6499999999999946,0.05,0.25,-0.0248943397808728,0.31638184363060795,,,0
15.9,58.730250000000176,17.33124999999999,4.694999999999999,2.6749999999999945,0.05,0.25,-0.12774156496255368,0.4374497900565666,,,0
16.0,59.20000000000017,17.599999999999987,4.699999999999999,2.6999999999999944,0.05,0.25,-0.09476751433485577,0.3453056714291916,56.691828655462814,19.586244603745246,1
16.1,59.67025000000017,17.871249999999986,4.704999999999999,2.7249999999999943,0.05,0.25,-0.058783909680362983,0.3610021354456503,,,0
16.2,60.141000000000176,18.144999999999985,4.709999999999999,2.7499999999999942,0.05,0.25,0.3692704598652746,0.34553594250583153,,,0
16.3,60.612250000000174,18.421249999999983,4.714999999999999,2.774999999999994,0.05,0.25,-0.0732080018836579,0.30111871120031586,,,0
16.400000000000002,61.084000000000174,18.69999999999998,4.719999999999999,2.799999999999994,0.05,0.25,0.17577338056045172,-0.017541669457127484,,,0
16.5,61.556250000000176,18.98124999999998,4.724999999999999,2.824999999999994,0.05,0.25,-0.08543907671305394,0.2625431616115836,63.50699701673527,20.761914084716683,1
16.6,62.029000000000174,19.26499999999998,4.729999999999999,2.849999999999994,0.05,0.25,0.18973595193113663,0.16657120617263121,,,0
16.7,62.502250000000174,19.55124999999998,4.7349999999999985,2.874999999999994,0.05,0.25,0.10774264491587948,0.05802385635399693,,,0
16.8,62.97600000000018,19.839999999999975,4.739999999999998,2.8999999999999937,0.05,0.25,0.02650431535128644,0.5022724928951237,,,0
16.900000000000002,63.450250000000175,20.131249999999973,4.744999999999998,2.9249999999999936,0.05,0.25,0.0438856210796849,0.5093493011328556,,,0
17.0,63.925000000000175,20.424999999999972,4.749999999999998,2.9499999999999935,0.05,0.25,-0.048218154314408554,0.4538830900443418,68.53589696175311,24.773034403708884,1
17.1,64.40025000000017,20.72124999999997,4.754999999999998,2.9749999999999934,0.05,0.25,0.11691083022231208,0.2882820125283812,,,0
17.2,64.87600000000016,21.019999999999968,4.759999999999998,2.9999999999999933,0.05,0.25,-0.018247522051117,0.45259376814289853,,,0
17.3,65.35225000000015,21.321249999999967,4.764999999999998,3.0249999999999932,0.05,0.25,-0.1338408645650872,0.2518079770902738,,,0
17.400000000000002,65.82900000000015,21.624999999999964,4.769999999999998,3.049999999999993,0.05,0.25,-0.14169063614794286,0.2804195915346669,,,0
17.5,66.30625000000015,21.931249999999963,4.774999999999998,3.074999999999993,0.05,0.25,0.07588818765831792,0.08597929443070257,65.18141593045274,23.0504069553025,1
17.6,66.78400000000015,22.239999999999963,4.779999999999998,3.099999999999993,0.05,0.25,0.28686368846156524,0.309548695674826,,,0
17.7,67.26225000000014,22.55124999999996,4.7849999999999975,3.124999999999993,0.05,0.25,0.07399874203601574,0.2590578892636626,,,0
17.8,67.74100000000013,22.86499999999996,4.789999999999997,3.149999999999993,0.05,0.25,0.03220425108351762,0.05460218247483034,,,0
17.900000000000002,68.22025000000012,23.181249999999956,4.794999999999997,3.1749999999999927,0.05,0.25,0.09287392094038144,0.24232043322751046,,,0
18.0,68.70000000000012,23.499999999999954,4.799999999999997,3.1999999999999926,-0.1,0.15,0.09590026125602372,0.13804056542147872,66.82919793222548,23.570065948343622,1
18.1,69.17950000000012,23.820749999999954,4.789999999999997,3.2149999999999928,-0.1,0.15,-0.06709262479542155,0.419634174996696,,,0
18.2,69.65800000000011,24.142999999999954,4.779999999999998,3.229999999999993,-0.1,0.15,-0.16163908462506058,0.2841319992770114,,,0
18.3,70.1355000000001,24.466749999999955,4.769999999999998,3.244999999999993,-0.1,0.15,0.06594330650898331,0.1517168158637199,,,0
18.400000000000002,70.61200000000011,24.791999999999955,4.759999999999998,3.259999999999993,-0.1,0.15,-0.03568653423075799,0.18731809647016245,,,0
18.5,71.0875000000001,25.118749999999956,4.749999999999998,3.2749999999999932,-0.1,0.15,0.1303633987993988,0.1566318567156297,69.28825165264351,29.97896092740811,1
18.6,71.5620000000001,25.446999999999957,4.739999999999998,3.2899999999999934,-0.1,0.15,-0.07251483441671408,0.11956290228066783,,,0
18.7,72.0355000000001,25.776749999999957,4.729999999999999,3.3049999999999935,-0.1,0.15,-0.283670354758075,-0.01236407960824304,,,0
18.8,72.5080000000001,26.107999999999958,4.719999999999999,3.3199999999999936,-0.1,0.15,-0.30522387988684974,0.12734221835896062,,,0
18.900000000000002,72.97950000000009,26.44074999999996,4.709999999999999,3.3349999999999937,-0.1,0.15,0.1476391898346874,0.03808526150212299,,,0
19.0,73.45000000000009,26.77499999999996,4.699999999999999,3.349999999999994,-0.1,0.15,0.15854985811749453,-0.03754733083847195,74.54109445102898,26.12091261568669,1
19.1,73.91950000000008,27.11074999999996,4.6899999999999995,3.364999999999994,-0.1,0.15,-0.1269278819923901,0.2266832721821302,,,0
19.200000000000003,74.38800000000008,27.44799999999996,4.68,3.379999999999994,-0.1,0.15,-0.15747809817039815,0.20868969898998524,,,0
19.3,74.85550000000008,27.786749999999962,4.67,3.3949999999999942,-0.1,0.15,0.11921664383633032,-0.11800612670521168,,,0
19.400000000000002,75.32200000000007,28.126999999999963,4.66,3.4099999999999944,-0.1,0.15,-0.2660568523065232,0.13159730437573092,,,0
19.5,75.78750000000007,28.468749999999964,4.65,3.4249999999999945,-0.1,0.15,-0.23420905284337395,0.2993552078849885,79.3683557155692,21.956903770613728,1
19.6,76.25200000000007,28.811999999999966,4.640000000000001,3.4399999999999946,-0.1,0.15,-0.0035009807966433493,0.3088835608344481,,,0
19.700000000000003,76.71550000000006,29.156749999999967,4.630000000000001,3.4549999999999947,-0.1,0.15,-0.15919076842893845,0.3038755264327858,,,0
19.8,77.17800000000005,29.502999999999968,4.620000000000001,3.469999999999995,-0.1,0.15,-0.1007682800080107,0.15583698103521895,,,0
19.900000000000002,77.63950000000006,29.850749999999966,4.610000000000001,3.484999999999995,-0.1,0.15,-0.1245164347786769,0.02324320080462733,,,0
20.0,78.10000000000005,30.199999999999964,4.600000000000001,3.499999999999995,-0.1,0.15,-0.049363817680159974,-0.012554824103709089,72.05769221540419,32.587515965659286,1
20.1,78.55950000000004,30.55074999999996,4.590000000000002,3.5149999999999952,-0.1,0.15,0.1111222791970575,0.2016907357125536,,,0
20.200000000000003,79.01800000000004,30.90299999999996,4.580000000000002,3.5299999999999954,-0.1,0.15,-0.08641226396473817,0.20689200515477443,,,0
20.3,79.47550000000004,31.256749999999958,4.570000000000002,3.5449999999999955,-0.1,0.15,-0.003409181008471332,0.3430996667407598,,,0
20.400000000000002,79.93200000000003,31.611999999999956,4.560000000000002,3.5599999999999956,-0.1,0.15,-0.40752581515465336,0.3149969475513125,,,0
20.5,80.38750000000003,31.968749999999954,4.5500000000000025,3.5749999999999957,-0.1,0.15,-0.1073077602895177,0.13016570152032417,80.56890534435213,32.72008890078224,1
20.6,80.84200000000003,32.32699999999995,4.540000000000003,3.589999999999996,-0.1,0.15,-0.22648454054393066,-0.03663088182913041,,,0
20.700000000000003,81.29550000000002,32.68674999999995,4.530000000000003,3.604999999999996,-0.1,0.15,-0.28282195906354424,0.10213401044836531,,,0
20.8,81.74800000000002,33.047999999999945,4.520000000000003,3.619999999999996,-0.1,0.15,-0.23172285503931261,0.1825846792215787,,,0
20.900000000000002,82.19950000000001,33.41074999999994,4.510000000000003,3.6349999999999962,-0.1,0.15,-0.1501185161051218,0.11968751319158938,,,0
21.0,82.65,33.77499999999994,4.5000000000000036,3.6499999999999964,-0.1,0.15,0.03738538135340194,0.06331588378835162,78.67081169004436,33.705298867448846,1
21.1,83.0995,34.14074999999994,4.490000000000004,3.6649999999999965,-0.1,0.15,-0.2989589076609346,0.18793272224548482,,,0
21.200000000000003,83.548,34.50799999999994,4.480000000000004,3.6799999999999966,-0.1,0.15,-0.09540527611083739,0.07440633878840842,,,0
21.3,83.9955,34.87674999999994,4.470000000000004,3.6949999999999967,-0.1,0.15,-0.17262541500003678,0.0557900874411939,,,0
21.400000000000002,84.44200000000001,35.246999999999936,4.460000000000004,3.709999999999997,-0.1,0.15,-0.14915096415429413,0.19671792514551592,,,0
21.5,84.8875,35.618749999999935,4.450000000000005,3.724999999999997,-0.1,0.15,0.05041367379569062,0.08970111298061928,90.89802823120402,38.09134885938752,1
21.6,85.33200000000001,35.99199999999993,4.440000000000005,3.739999999999997,-0.1,0.15,-0.0192826844494111,0.1866156583467528,,,0
21.700000000000003,85.77550000000001,36.36674999999993,4.430000000000005,3.7549999999999972,-0.1,0.15,0.10060971611641154,0.1909806034278184,,,0
21.8,86.218,36.74299999999993,4.420000000000005,3.7699999999999974,-0.1,0.15,-0.12317585188748507,-0.02091435016373619,,,0
21.900000000000002,86.65950000000001,37.12074999999993,4.4100000000000055,3.7849999999999975,-0.1,0.15,-0.20439139175060544,0.07781383142018818,,,0
22.0,87.10000000000001,37.49999999999993,4.400000000000006,3.7999999999999976,-0.1,0.15,-0.13357882253207493,0.3656665409874693,87.60911963542844,36.182838269685114,1
22.1,87.5395,37.88074999999993,4.390000000000006,3.8149999999999977,-0.1,0.15,-0.06362548130931678,-0.024311926910143056,,,0
22.200000000000003,87.97800000000001,38.26299999999993,4.380000000000006,3.829999999999998,-0.1,0.15,-0.07351399623194335,-0.16749816734557962,,,0
22.3,88.41550000000001,38.646749999999926,4.370000000000006,3.844999999999998,-0.1,0.15,-0.26265821083500496,-0.12927677298637671,,,0
22.400000000000002,88.852,39.031999999999925,4.3600000000000065,3.859999999999998,-0.1,0.15,-0.08642653275581888,0.15436649198650038,,,0
22.5,89.28750000000001,39.418749999999925,4.350000000000007,3.8749999999999982,-0.1,0.15,-0.06576575047916423,0.15463759170490482,88.10378144439183,33.031156332399874,1
22.6,89.72200000000001,39.806999999999924,4.340000000000007,3.8899999999999983,-0.1,0.15,0.277621105630088,0.13235837168623185,,,0
22.700000000000003,90.1555,40.19674999999992,4.330000000000007,3.9049999999999985,-0.1,0.15,0.18152669169225052,0.3321284743392752,,,0
22.8,90.58800000000001,40.58799999999992,4.320000000000007,3.9199999999999986,-0.1,0.15,-0.227986502583823,-0.2509251649654407,,,0
22.900000000000002,91.01950000000001,40.98074999999992,4.310000000000008,3.9349999999999987,-0.1,0.15,-0.14310750423237642,0.20939008116462354,,,0
23.0,91.45,41.37499999999992,4.300000000000008,3.949999999999999,-0.1,0.15,-0.31951630027555045,0.384215730270536,92.22292126276348,43.91144932544548,1
23.1,91.87950000000001,41.77074999999992,4.290000000000008,3.964999999999999,-0.1,0.15,-0.18860605209452297,-0.019167114733757096,,,0
23.200000000000003,92.308,42.16799999999992,4.280000000000008,3.979999999999999,-0.1,0.15,-0.05265924946144893,0.09302902323151574,,,0
23.3,92.7355,42.56674999999992,4.2700000000000085,3.994999999999999,-0.1,0.15,0.08087804313323502,0.03706621241570686,,,0
23.400000000000002,93.162,42.96699999999992,4.260000000000009,4.009999999999999,-0.1,0.15,-0.20936257566154126,0.01584809308837068,,,0
23.5,93.5875,43.36874999999992,4.250000000000009,4.024999999999999,-0.1,0.15,-0.1981219660101695,0.101060699246544,88.86064201848816,41.384499323079474,1
23.6,94.012,43.77199999999992,4.240000000000009,4.039999999999998,-0.1,0.15,-0.4220933544607982,0.36412279255267566,,,0
23.700000000000003,94.4355,44.17674999999991,4.230000000000009,4.054999999999998,-0.1,0.15,-0.12439988808173616,0.42560800132312804,,,0
23.8,94.858,44.582999999999906,4.2200000000000095,4.069999999999998,-0.1,0.15,-0.25936216177893445,0.09960911624397784,,,0
23.900000000000002,95.2795,44.9907499999999,4.21000000000001,4.084999999999997,-0.1,0.15,-0.17941591410491106,0.4357590321096705,,,0
24.0,95.7,45.39999999999989,4.20000000000001,4.099999999999997,-0.1,0.15,-0.23152911672513823,0.15533647154769373,92.22760610329973,42.5039464155736,1
24.1,96.1195,45.810749999999885,4.19000000000001,4.114999999999997,-0.1,0.15,-0.11413938313788355,0.41305365400516214,,,0
24.200000000000003,96.538,46.22299999999988,4.18000000000001,4.129999999999996,-0.1,0.15,-0.3636592587034947,0.13600520255197623,,,0
24.3,96.9555,46.63674999999987,4.170000000000011,4.144999999999996,-0.1,0.15,-0.3200567868086486,0.16965867390692163,,,0
24.400000000000002,97.372,47.051999999999865,4.160000000000011,4.159999999999996,-0.1,0.15,0.21938706680424472,0.20482117089642518,,,0
24.5,97.7875,47.46874999999986,4.150000000000011,4.174999999999995,-0.1,0.15,-0.29311338719110464,0.6268280519051302,97.9479448804657,41.215543535034435,1
24.6,98.202,47.88699999999985,4.140000000000011,4.189999999999995,-0.1,0.15,-0.26451783676819596,0.27769283622671836,,,0
24.700000000000003,98.6155,48.306749999999845,4.130000000000011,4.204999999999995,-0.1,0.15,0.1755370292481971,0.043910320507280456,,,0
24.8,99.02799999999999,48.72799999999984,4.120000000000012,4.219999999999994,-0.1,0.15,0.335760075386061,0.29534968054137867,,,0
24.900000000000002,99.4395,49.15074999999983,4.110000000000012,4.234999999999994,-0.1,0.15,-0.2757349943238012,0.09572511943734877,,,0
25.0,99.85,49.574999999999825,4.100000000000012,4.249999999999994,-0.1,0.15,-0.1552373435182046,0.07653747256481863,,,0
25.1,100.25949999999999,50.00074999999982,4.090000000000012,4.2649999999999935,-0.1,0.15,-0.04876666735892358,0.28629020398381666,,,0
25.200000000000003,100.66799999999999,50.42799999999981,4.0800000000000125,4.279999999999993,-0.1,0.15,0.15930464666083885,0.15466283816567292,,,0
25.3,101.07549999999999,50.856749999999806,4.070000000000013,4.294999999999993,-0.1,0.15,-0.24802856176423563,0.1917863871767709,,,0
25.400000000000002,101.48199999999999,51.2869999999998,4.060000000000013,4.3099999999999925,-0.1,0.15,-0.13679167689131647,0.15209778327979387,,,0
25.5,101.88749999999999,51.718749999999794,4.050000000000013,4.324999999999992,-0.1,0.15,0.0166006364092616,0.2004874689908152,,,0
25.6,102.29199999999999,52.15199999999979,4.040000000000013,4.339999999999992,-0.1,0.15,-0.03478508883000721,0.21374488461542238,,,0
25.700000000000003,102.69549999999998,52.58674999999978,4.030000000000014,4.3549999999999915,-0.1,0.15,-0.15642341068451487,-0.14054503990581227,,,0
25.8,103.09799999999998,53.022999999999776,4.020000000000014,4.369999999999991,-0.1,0.15,-0.12007344467740617,0.24998590029143003,,,0
25.900000000000002,103.49949999999998,53.46074999999977,4.010000000000014,4.384999999999991,-0.1,0.15,-0.30623437125549724,0.002697087025454903,,,0
26.0,103.89999999999998,53.899999999999764,4.000000000000014,4.399999999999991,-0.1,0.15,-0.1357260615961998,-0.06634487033391168,,,0
26.1,104.29949999999998,54.34074999999976,3.9900000000000144,4.41499999999999,-0.1,0.15,-0.13995812350134326,0.14123831342119764,,,0
26.200000000000003,104.69799999999998,54.78299999999975,3.9800000000000146,4.42999999999999,-0.1,0.15,-0.06517451655606162,0.16259715049716814,,,0
26.3,105.09549999999997,55.22674999999975,3.970000000000015,4.44499999999999,-0.1,0.15,-0.1832990828228524,0.04597407531415788,,,0
26.400000000000002,105.49199999999998,55.67199999999974,3.960000000000015,4.459999999999989,-0.1,0.15,-0.02926922161822916,0.27465477865019616,,,0
26.5,105.88749999999997,56.118749999999736,3.9500000000000153,4.474999999999989,-0.1,0.15,0.05190737267297427,-0.05132627495563605,,,0
26.6,106.28199999999997,56.56699999999973,3.9400000000000155,4.489999999999989,-0.1,0.15,-0.0766856008497301,0.08895843768411615,,,0
26.700000000000003,106.67549999999997,57.016749999999725,3.9300000000000157,4.504999999999988,-0.1,0.15,-0.04723653874011949,0.0622688797600499,,,0
26.8,107.06799999999997,57.46799999999972,3.920000000000016,4.519999999999988,-0.1,0.15,-0.0920266978633199,0.14301190944909908,,,0
26.900000000000002,107.45949999999996,57.920749999999714,3.910000000000016,4.534999999999988,-0.1,0.15,-0.09998734103628788,0.1918296426970858,,,0
27.0,107.84999999999997,58.37499999999971,3.9000000000000163,4.549999999999987,-0.1,0.15,-0.20823370503142713,-0.0011839424435317047,,,0
27.1,108.23949999999996,58.8307499999997,3.8900000000000166,4.564999999999987,-0.1,0.15,-0.052525860749003804,0.2586424016184342,,,0
27.200000000000003,108.62799999999996,59.2879999999997,3.8800000000000168,4.579999999999987,-0.1,0.15,-0.11459298976202342,0.15945035525020496,,,0
27.3,109.01549999999996,59.74674999999969,3.870000000000017,4.594999999999986,-0.1,0.15,0.21397524633958923,-0.13379193799678654,,,0
27.400000000000002,109.40199999999996,60.20699999999969,3.860000000000017,4.609999999999986,-0.1,0.15,0.13600323537128636,-0.14378871605955465,,,0
27.5,109.78749999999995,60.66874999999968,3.8500000000000174,4.624999999999986,-0.1,0.15,-0.042123017116524886,0.1481521060606033,,,0
27.6,110.17199999999995,61.13199999999968,3.8400000000000176,4.6399999999999855,-0.1,0.15,-0.21445858145421515,0.11685490233204687,,,0
27.700000000000003,110.55549999999995,61.59674999999967,3.830000000000018,4.654999999999985,-0.1,0.15,-0.2668617207975127,0.13448698296380496,,,0
27.8,110.93799999999995,62.06299999999967,3.820000000000018,4.669999999999985,-0.1,0.15,0.07867144296332976,0.1458026315204673,,,0
27.900000000000002,111.31949999999995,62.530749999999664,3.8100000000000183,4.6849999999999845,-0.1,0.15,-0.060587616227929235,0.18383397592652712,,,0
28.0,111.69999999999995,62.99999999999966,3.8000000000000185,4.699999999999984,-0.1,0.15,-0.02797848949125839,0.2921474414772449,,,0
28.1,112.07949999999994,63.470749999999654,3.7900000000000187,4.714999999999984,-0.1,0.15,-0.3616878980461289,-0.016665735137633725,,,0
28.200000000000003,112.45799999999994,63.94299999999965,3.780000000000019,4.7299999999999836,-0.1,0.15,0.039115772233727114,-0.025795738935119217,,,0
28.3,112.83549999999994,64.41674999999964,3.770000000000019,4.744999999999983,-0.1,0.15,-0.03183694926784557,-0.013998578683107388,,,0
28.400000000000002,113.21199999999993,64.89199999999963,3.7600000000000193,4.759999999999983,-0.1,0.15,-0.2665646026621717,0.19333750007530603,,,0
28.5,113.58749999999993,65.36874999999962,3.7500000000000195,4.774999999999983,-0.1,0.15,-0.17072872111749235,0.3367421067969668,,,0
28.6,113.96199999999993,65.84699999999961,3.7400000000000198,4.789999999999982,-0.1,0.15,-0.06044241934652207,0.08529908426407343,,,0
28.700000000000003,114.33549999999993,66.3267499999996,3.73000000000002,4.804999999999982,-0.1,0.15,-0.09212998024656346,-0.2252549766239482,,,0
28.8,114.70799999999993,66.8079999999996,3.72000000000002,4.819999999999982,-0.1,0.15,-0.14382567787053324,-0.10559892939155632,,,0
28.900000000000002,115.07949999999992,67.29074999999959,3.7100000000000204,4.834999999999981,-0.1,0.15,-0.11552324020989413,0.025044491580598266,,,0
29.0,115.44999999999992,67.77499999999958,3.7000000000000206,4.849999999999981,-0.1,0.15,-0.1377966067310328,0.06634066687571778,,,0
29.1,115.81949999999992,68.26074999999958,3.690000000000021,4.864999999999981,-0.1,0.15,-0.07711562318462972,0.08874170591179104,,,0
29.200000000000003,116.18799999999992,68.74799999999956,3.680000000000021,4.87999999999998,-0.1,0.15,0.12072379594897353,0.15578716844713755,,,0
29.3,116.55549999999992,69.23674999999956,3.6700000000000212,4.89499999999998,-0.1,0.15,-0.4849987661396946,0.10323805037663292,,,0
29.400000000000002,116.92199999999993,69.72699999999955,3.6600000000000215,4.90999999999998,-0.1,0.15,-0.13552753967645265,0.3074009415815111,,,0
29.5,117.28749999999992,70.21874999999955,3.6500000000000217,4.924999999999979,-0.1,0.15,-0.07352313679413296,0.04859740414779469,,,0
29.6,117.65199999999993,70.71199999999953,3.640000000000022,4.939999999999979,-0.1,0.15,-0.05560090154693508,0.020652306078668553,,,0
29.700000000000003,118.01549999999993,71.20674999999953,3.630000000000022,4.954999999999979,-0.1,0.15,-0.15578718719819348,0.2218313307780692,,,0
29.8,118.37799999999993,71.70299999999952,3.6200000000000223,4.969999999999978,-0.1,0.15,-0.36350826737178743,-0.08034631048891788,,,0
29.900000000000002,118.73949999999994,72.20074999999952,3.6100000000000225,4.984999999999978,-0.1,0.15,-0.05080067744288356,0.20845375579800032,,,0
30.0,119.09999999999994,72.6999999999995,3.6000000000000227,4.999999999999978,-0.2,-0.1,0.05910253212462774,-0.08461702244105998,,,0
30.1,119.45899999999993,73.1994999999995,3.5800000000000227,4.989999999999978,-0.2,-0.1,-0.4300792107374206,-0.12211637348772511,,,0
30.200000000000003,119.81599999999993,73.6979999999995,3.5600000000000227,4.979999999999978,-0.2,-0.1,-0.07042579794527176,0.13824141607238935,,,0
30.3,120.17099999999994,74.1954999999995,3.5400000000000227,4.969999999999978,-0.2,-0.1,-0.2492787834684341,-0.1933311167942077,,,0
30.400000000000002,120.52399999999993,74.6919999999995,3.5200000000000227,4.959999999999979,-0.2,-0.1,-0.2091986518743271,0.20904472557861173,,,0
30.5,120.87499999999993,75.18749999999949,3.5000000000000226,4.949999999999979,-0.2,-0.1,-0.35793477660559236,-0.1338147173842149,,,0
30.6,121.22399999999993,75.68199999999949,3.4800000000000226,4.939999999999979,-0.2,-0.1,-0.2501684258533815,-0.29155246674553426,,,0
30.700000000000003,121.57099999999993,76.17549999999949,3.4600000000000226,4.929999999999979,-0.2,-0.1,-0.004993310795156247,-0.08951206285077622,,,0
30.8,121.91599999999993,76.66799999999948,3.4400000000000226,4.9199999999999795,-0.2,-0.1,-0.11260171370184396,-0.26143678004781523,,,0
30.900000000000002,122.25899999999993,77.15949999999948,3.4200000000000226,4.90999999999998,-0.2,-0.1,0.059846740811491606,-0.21276337717202504,,,0
31.0,122.59999999999992,77.64999999999948,3.4000000000000226,4.89999999999998,-0.2,-0.1,-0.023388216653345978,-0.04044500499767634,,,0
31.1,122.93899999999992,78.13949999999947,3.3800000000000225,4.88999999999998,-0.2,-0.1,-0.13413699816056357,-0.01666268670248129,,,0
31.200000000000003,123.27599999999993,78.62799999999947,3.3600000000000225,4.87999999999998,-0.2,-0.1,0.06159017892516877,-0.19332515503813874,,,0
31.3,123.61099999999992,79.11549999999947,3.3400000000000225,4.869999999999981,-0.2,-0.1,-0.1341510261892552,0.048110771756960075,,,0
31.400000000000002,123.94399999999992,79.60199999999946,3.3200000000000225,4.859999999999981,-0.2,-0.1,-0.07580177348044118,0.07362616370317007,,,0
31.5,124.27499999999992,80.08749999999947,3.3000000000000225,4.849999999999981,-0.2,-0.1,-0.24448564303020626,0.11544526348449363,,,0
31.6,124.60399999999991,80.57199999999946,3.2800000000000225,4.839999999999981,-0.2,-0.1,-0.19001812762111928,-0.02058798893114168,,,0
31.700000000000003,124.93099999999991,81.05549999999945,3.2600000000000224,4.829999999999981,-0.2,-0.1,-0.30461357349504153,0.10451430681285478,,,0
31.8,125.25599999999991,81.53799999999946,3.2400000000000224,4.819999999999982,-0.2,-0.1,-0.051562409810772064,-0.3821197641961086,,,0
31.900000000000002,125.57899999999991,82.01949999999945,3.2200000000000224,4.809999999999982,-0.2,-0.1,-0.3767455434672299,-0.14768598229426938,,,0
32.0,125.8999999999999,82.49999999999945,3.2000000000000224,4.799999999999982,-0.2,-0.1,-0.08264744863735082,-0.23005078844851395,,,0
32.1,126.21899999999991,82.97949999999945,3.1800000000000224,4.789999999999982,-0.2,-0.1,-0.22859765862577391,-0.08211612083089119,,,0
32.2,126.5359999999999,83.45799999999944,3.1600000000000223,4.7799999999999825,-0.2,-0.1,-0.02431293597990211,-0.18571738287951062,,,0
32.300000000000004,126.8509999999999,83.93549999999944,3.1400000000000223,4.769999999999983,-0.2,-0.1,-0.08736965169031104,-0.12492367629245986,,,0
32.4,127.1639999999999,84.41199999999944,3.1200000000000223,4.759999999999983,-0.2,-0.1,0.0730969236470202,0.1823262320306074,,,0
32.5,127.4749999999999,84.88749999999943,3.1000000000000223,4.749999999999983,-0.2,-0.1,-0.09038379632920329,-0.12545796946305676,,,0
32.6,127.78399999999989,85.36199999999943,3.0800000000000223,4.739999999999983,-0.2,-0.1,-0.4358060383479861,-0.03793115242146792,,,0
32.7,128.0909999999999,85.83549999999943,3.0600000000000223,4.7299999999999836,-0.2,-0.1,-0.21004297593473015,-0.1348403994886353,,,0
32.800000000000004,128.3959999999999,86.30799999999942,3.0400000000000222,4.719999999999984,-0.2,-0.1,-0.37580107888922243,-0.08864300680647495,,,0
32.9,128.6989999999999,86.77949999999942,3.0200000000000222,4.709999999999984,-0.2,-0.1,-0.2777419763549412,-0.09909749793458929,,,0
33.0,128.9999999999999,87.24999999999942,3.000000000000022,4.699999999999984,-0.2,-0.1,0.026684264991508222,-0.032751390104026085,,,0
33.1,129.2989999999999,87.71949999999941,2.980000000000022,4.689999999999984,-0.2,-0.1,-0.10436992836534562,0.07479613033207652,,,0
33.2,129.5959999999999,88.1879999999994,2.960000000000022,4.679999999999985,-0.2,-0.1,-0.30483956428681197,0.1471090996404994,,,0
33.300000000000004,129.89099999999988,88.6554999999994,2.940000000000022,4.669999999999985,-0.2,-0.1,-0.35205760496605987,-0.05355698771362498,,,0
33.4,130.18399999999988,89.1219999999994,2.920000000000022,4.659999999999985,-0.2,-0.1,-0.19508268606856088,-0.011567967094659695,,,0
33.5,130.47499999999988,89.5874999999994,2.900000000000022,4.649999999999985,-0.2,-0.1,-0.38248402240716917,-0.27262967637783503,,,0
33.6,130.76399999999987,90.0519999999994,2.880000000000022,4.6399999999999855,-0.2,-0.1,-0.30067104160948716,-0.11318151136234308,,,0
33.7,131.05099999999987,90.51549999999939,2.860000000000022,4.629999999999986,-0.2,-0.1,-0.15319857926731342,0.04104341973253833,,,0
33.800000000000004,131.33599999999987,90.97799999999938,2.840000000000022,4.619999999999986,-0.2,-0.1,-0.026703194583995588,0.029895295762572965,,,0
33.9,131.61899999999986,91.43949999999938,2.820000000000022,4.609999999999986,-0.2,-0.1,-0.10868577916633405,-0.06825854008074247,,,0
34.0,131.89999999999986,91.89999999999938,2.800000000000022,4.599999999999986,-0.2,-0.1,-0.5436934262897151,0.03295909393519286,,,0
34.1,132.17899999999986,92.35949999999937,2.780000000000022,4.5899999999999865,-0.2,-0.1,-0.15434499064546103,-0.026384993650927183,,,0
34.2,132.45599999999985,92.81799999999937,2.760000000000022,4.579999999999987,-0.2,-0.1,-0.18919496401511332,0.08004593873889823,,,0
34.300000000000004,132.73099999999985,93.27549999999937,2.740000000000022,4.569999999999987,-0.2,-0.1,-0.13791645719409606,-0.05659612645643334,,,0
34.4,133.00399999999985,93.73199999999936,2.720000000000022,4.559999999999987,-0.2,-0.1,0.04243145224768108,-0.1533547473356552,,,0
34.5,133.27499999999984,94.18749999999936,2.700000000000022,4.549999999999987,-0.2,-0.1,-0.5094857415207115,-0.04962381146004646,,,0
34.6,133.54399999999984,94.64199999999936,2.680000000000022,4.539999999999988,-0.2,-0.1,-0.28866551377866584,-0.5395891563779164,,,0
34.7,133.81099999999984,95.09549999999935,2.660000000000022,4.529999999999988,-0.2,-0.1,-0.11136405158099681,-0.04256713954224259,,,0
34.800000000000004,134.07599999999982,95.54799999999935,2.640000000000022,4.519999999999988,-0.2,-0.1,-0.43723915991809137,-0.6472619237822175,,,0
34.9,134.33899999999983,95.99949999999934,2.620000000000022,4.509999999999988,-0.2,-0.1,0.02139235720802632,-0.3585195111108127,,,0
35.0,134.59999999999982,96.44999999999933,2.600000000000022,4.4999999999999885,-0.2,-0.1,-0.14474650809490125,-0.03223470985885239,,,0
35.1,134.8589999999998,96.89949999999934,2.580000000000022,4.489999999999989,-0.2,-0.1,-0.07301240212348942,-0.028370599409980726,,,0
35.2,135.11599999999981,97.34799999999933,2.560000000000022,4.479999999999989,-0.2,-0.1,-0.2856415492282692,-0.27436431702098957,,,0
35.300000000000004,135.3709999999998,97.79549999999932,2.540000000000022,4.469999999999989,-0.2,-0.1,-0.07793544650506844,-0.2068153062818408,,,0
35.4,135.6239999999998,98.24199999999932,2.520000000000022,4.459999999999989,-0.2,-0.1,-0.039729266601644275,0.10558114829211979,,,0
35.5,135.8749999999998,98.68749999999932,2.5000000000000218,4.4499999999999895,-0.2,-0.1,-0.16506829697942477,-0.1726045197359014,137.717811315071,100.94906520980037,1
35.6,136.1239999999998,99.13199999999931,2.4800000000000217,4.43999999999999,-0.2,-0.1,-0.16483986609519563,0.23643804686044775,,,0
35.7,136.37099999999978,99.57549999999931,2.4600000000000217,4.42999999999999,-0.2,-0.1,-0.15944851410774113,-0.10028797797645193,,,0
35.800000000000004,136.6159999999998,100.0179999999993,2.4400000000000217,4.41999999999999,-0.2,-0.1,-0.32950178971090727,-0.038794573467809984,,,0
35.9,136.85899999999978,100.4594999999993,2.4200000000000217,4.40999999999999,-0.2,-0.1,-0.22212930203605294,0.1425311597747911,,,0
36.0,137.09999999999977,100.8999999999993,2.4000000000000217,4.399999999999991,-0.2,-0.1,-0.22287837986785383,-0.08034593257098707,136.34669223588904,93.45787447004567,1
36.1,137.33899999999977,101.33949999999929,2.3800000000000217,4.389999999999991,-0.2,-0.1,-0.14249092034697575,-0.2503515971036202,,,0
36.2,137.57599999999977,101.77799999999928,2.3600000000000216,4.379999999999991,-0.2,-0.1,-0.050026362963455834,-0.11645911775414353,,,0
36.300000000000004,137.81099999999975,102.21549999999928,2.3400000000000216,4.369999999999991,-0.2,-0.1,-0.3587804122967614,-0.10534161042851364,,,0
36.4,138.04399999999976,102.65199999999928,2.3200000000000216,4.359999999999991,-0.2,-0.1,-0.21875135454793665,-0.30471124783023484,,,0
36.5,138.27499999999975,103.08749999999927,2.3000000000000216,4.349999999999992,-0.2,-0.1,0.02221833214884597,-0.1383748107011235,135.2857441219926,106.78620580230735,1
36.6,138.50399999999973,103.52199999999927,2.2800000000000216,4.339999999999992,-0.2,-0.1,-0.31153823432188466,-0.21132881409961551,,,0
36.7,138.73099999999974,103.95549999999926,2.2600000000000215,4.329999999999992,-0.2,-0.1,-0.32333750259354804,0.03865366357811509,,,0
36.800000000000004,138.95599999999973,104.38799999999925,2.2400000000000215,4.319999999999992,-0.2,-0.1,-0.16965407122532097,-0.09480821887221166,,,0
36.9,139.17899999999972,104.81949999999925,2.2200000000000215,4.3099999999999925,-0.2,-0.1,-0.07334222142720201,-0.1424193623721355,,,0
37.0,139.39999999999972,105.24999999999925,2.2000000000000215,4.299999999999993,-0.2,-0.1,-0.1982860916659011,-0.11592728959338644,131.066017157814,104.20742976341869,1
37.1,139.61899999999972,105.67949999999924,2.1800000000000215,4.289999999999993,-0.2,-0.1,-0.0006559114344516226,-0.0665316972390751,,,0
37.2,139.8359999999997,106.10799999999924,2.1600000000000215,4.279999999999993,-0.2,-0.1,-0.07148090261502099,-0.007477870046533039,,,0
37.300000000000004,140.0509999999997,106.53549999999923,2.1400000000000214,4.269999999999993,-0.2,-0.1,-0.07372698996649074,-0.24995683430040722,,,0
37.4,140.2639999999997,106.96199999999922,2.1200000000000214,4.259999999999994,-0.2,-0.1,-0.11688252480138601,-0.25623814489319074,,,0
37.5,140.47499999999968,107.38749999999922,2.1000000000000214,4.249999999999994,-0.2,-0.1,0.14914796505191275,0.06570188231037949,136.93499766459792,109.80121090475373,1
37.6,140.68399999999968,107.81199999999922,2.0800000000000214,4.239999999999994,-0.2,-0.1,-0.23077425332990664,-0.1618505308307096,,,0
37.7,140.89099999999968,108.2354999999992,2.0600000000000214,4.229999999999994,-0.2,-0.1,-0.500528343809977,-0.3125263138895311,,,0
37.800000000000004,141.09599999999966,108.6579999999992,2.0400000000000214,4.219999999999994,-0.2,-0.1,0.04063815422757111,-0.03342809359253432,,,0
37.9,141.29899999999967,109.0794999999992,2.0200000000000213,4.209999999999995,-0.2,-0.1,-0.26865491464352387,-0.03049452909509698,,,0
38.0,141.49999999999966,109.4999999999992,2.0000000000000213,4.199999999999995,-0.2,-0.1,-0.18381793334854507,-0.32960728858850596,139.4746581435693,110.71186206220604,1
38.1,141.69899999999964,109.9194999999992,1.9800000000000213,4.189999999999995,-0.2,-0.1,-0.00356739727092098,-0.06557774268045907,,,0
38.2,141.89599999999965,110.3379999999992,1.9600000000000213,4.179999999999995,-0.2,-0.1,-0.4403389311588388,0.010337463864256033,,,0
38.300000000000004,142.09099999999964,110.7554999999992,1.9400000000000213,4.1699999999999955,-0.2,-0.1,-0.3877470821159209,-0.043842032244060546,,,0
38.400000000000006,142.28399999999962,111.1719999999992,1.9200000000000212,4.159999999999996,-0.2,-0.1,-0.44019169056782803,-0.005202777435790715,,,0
38.5,142.47499999999962,111.5874999999992,1.9000000000000212,4.149999999999996,-0.2,-0.1,-0.3191204435038136,-0.31064036471361234,144.1713812575069,117.09617751918925,1
38.6,142.66399999999962,112.0019999999992,1.8800000000000212,4.139999999999996,-0.2,-0.1,-0.13405450909745098,-0.05034397675057067,,,0
38.7,142.8509999999996,112.4154999999992,1.8600000000000212,4.129999999999996,-0.2,-0.1,-0.12137182357808436,-0.145392963920567,,,0
38.800000000000004,143.0359999999996,112.8279999999992,1.8400000000000212,4.1199999999999966,-0.2,-0.1,-0.15855887310071695,-0.1724185238086967,,,0
38.900000000000006,143.2189999999996,113.2394999999992,1.8200000000000212,4.109999999999997,-0.2,-0.1,-0.411914882583855,0.03058334141295896,,,0
39.0,143.39999999999958,113.6499999999992,1.8000000000000211,4.099999999999997,-0.2,-0.1,-0.5465155154948966,0.1218911766011345,142.79117416897347,114.77813310886702,1
39.1,143.57899999999958,114.05949999999919,1.7800000000000211,4.089999999999997,-0.2,-0.1,-0.19184696219144268,0.16915550819005384,,,0
39.2,143.75599999999957,114.4679999999992,1.760000000000021,4.079999999999997,-0.2,-0.1,-0.2707664050457504,0.09722118072588576,,,0
39.300000000000004,143.93099999999959,114.87549999999919,1.740000000000021,4.069999999999998,-0.2,-0.1,-0.13109213424250826,-0.11646012724452756,,,0
39.400000000000006,144.1039999999996,115.28199999999919,1.720000000000021,4.059999999999998,-0.2,-0.1,-0.0947069560668095,-0.04709197554604855,,,0
39.5,144.27499999999958,115.68749999999919,1.700000000000021,4.049999999999998,-0.2,-0.1,-0.17926378519119773,0.015023430767636542,139.81983356261728,119.25874068988043,1
39.6,144.4439999999996,116.09199999999919,1.680000000000021,4.039999999999998,-0.2,-0.1,-0.08598003719362195,-0.08182330760508072,,,0
39.7,144.6109999999996,116.49549999999918,1.660000000000021,4.0299999999999985,-0.2,-0.1,-0.16561829388273974,-0.08038537181326835,,,0
39.800000000000004,144.77599999999958,116.89799999999919,1.640000000000021,4.019999999999999,-0.2,-0.1,-0.12049029415978,0.0235629697814273,,,0
39.900000000000006,144.9389999999996,117.29949999999918,1.620000000000021,4.009999999999999,-0.2,-0.1,-0.30570098943048235,-0.10889239690388984,,,0
40.0,145.0999999999996,117.69999999999918,1.600000000000021,3.999999999999999,-0.2,-0.1,-0.2269417120747188,-0.20939304045604923,142.8184734557855,116.01773750773594,1
40.1,145.2589999999996,118.09949999999918,1.580000000000021,3.9899999999999993,-0.2,-0.1,-0.17048358550145642,-0.16217095987537877,,,0
40.2,145.4159999999996,118.49799999999918,1.560000000000021,3.9799999999999995,-0.2,-0.1,-0.0769207286873872,-0.00491344333993865,,,0
40.300000000000004,145.5709999999996,118.89549999999917,1.540000000000021,3.9699999999999998,-0.2,-0.1,-0.2590611758336858,-0.09955100632000664,,,0
40.400000000000006,145.7239999999996,119.29199999999918,1.520000000000021,3.96,-0.2,-0.1,-0.12182491164018312,-0.048968503469749326,,,0
40.5,145.8749999999996,119.68749999999918,1.5000000000000209,3.95,-0.2,-0.1,-0.23987581878730685,0.0005118863303284621,145.80825661545197,114.99884696397963,1
40.6,146.0239999999996,120.08199999999917,1.4800000000000209,3.9400000000000004,-0.2,-0.1,-0.21763132509921956,-0.15622621943464143,,,0
40.7,146.1709999999996,120.47549999999917,1.4600000000000208,3.9300000000000006,-0.2,-0.1,-0.07557214369638907,0.013437224544470897,,,0
40.800000000000004,146.3159999999996,120.86799999999917,1.4400000000000208,3.920000000000001,-0.2,-0.1,-0.4989590556581234,-0.04317360948124084,,,0
40.900000000000006,146.4589999999996,121.25949999999916,1.4200000000000208,3.910000000000001,-0.2,-0.1,-0.3944708492112141,-0.28522196303672176,,,0
41.0,146.5999999999996,121.64999999999917,1.4000000000000208,3.9000000000000012,-0.2,-0.1,-0.42232780961642313,0.11634571867793664,147.28631008678641,124.5523988187742,1
41.1,146.7389999999996,122.03949999999917,1.3800000000000208,3.8900000000000015,-0.2,-0.1,-0.5500424179772457,-0.17511171156353744,,,0
41.2,146.8759999999996,122.42799999999916,1.3600000000000207,3.8800000000000017,-0.2,-0.1,-0.3017396660232765,-0.34826430147777754,,,0
41.300000000000004,147.0109999999996,122.81549999999916,1.3400000000000207,3.870000000000002,-0.2,-0.1,-0.08758491504083894,-0.25675655643794537,,,0
41.400000000000006,147.1439999999996,123.20199999999916,1.3200000000000207,3.860000000000002,-0.2,-0.1,-0.24273260995738621,-0.2531567741017483,,,0
41.5,147.2749999999996,123.58749999999915,1.3000000000000207,3.8500000000000023,-0.2,-0.1,-0.1703314877087222,-0.09217400220136998,148.1538014704915,118.82080730746299,1
41.6,147.4039999999996,123.97199999999916,1.2800000000000207,3.8400000000000025,-0.2,-0.1,-0.03661737549338112,-0.1410775758319356,,,0
41.7,147.5309999999996,124.35549999999915,1.2600000000000207,3.8300000000000027,-0.2,-0.1,-0.0008470801598462752,-0.15052479514608894,,,0
41.800000000000004,147.6559999999996,124.73799999999915,1.2400000000000206,3.820000000000003,-0.2,-0.1,-0.21037069020892094,-0.007044705177628174,,,0
41.900000000000006,147.7789999999996,125.11949999999915,1.2200000000000206,3.810000000000003,-0.2,-0.1,0.0030378834354095885,-0.049018695821094437,,,0
42.0,147.8999999999996,125.49999999999915,1.2000000000000206,3.8000000000000034,0.1,-0.25,0.11381899876511639,-0.20259281940335705,147.52857211701064,127.72608670893761,1
42.1,148.0204999999996,125.87874999999914,1.2100000000000206,3.7750000000000035,0.1,-0.25,-0.025609733574119303,-0.18852573140069612,,,0
42.2,148.1419999999996,126.25499999999914,1.2200000000000206,3.7500000000000036,0.1,-0.25,0.010839947170189726,-0.15757979979966424,,,0
42.300000000000004,148.2644999999996,126.62874999999914,1.2300000000000206,3.7250000000000036,0.1,-0.25,-0.12208047688475243,-0.5661930012666164,,,0
42.400000000000006,148.38799999999958,126.99999999999915,1.2400000000000206,3.7000000000000037,0.1,-0.25,-0.03322007806004784,-0.30466573783966916,,,0
42.5,148.51249999999956,127.36874999999915,1.2500000000000207,3.675000000000004,0.1,-0.25,0.046297496788835636,-0.5770315096734211,142.87853370210183,124.14445195854601,1
42.6,148.63799999999955,127.73499999999916,1.2600000000000207,3.650000000000004,0.1,-0.25,0.22053775290679023,-0.24459101098033068,,,0
42.7,148.76449999999954,128.09874999999917,1.2700000000000207,3.625000000000004,0.1,-0.25,0.35811547467489757,-0.2506949458336518,,,0
42.800000000000004,148.89199999999954,128.45999999999918,1.2800000000000207,3.600000000000004,0.1,-0.25,-0.107327227306556,-0.09317015878154797,,,0
42.900000000000006,149.02049999999954,128.8187499999992,1.2900000000000207,3.575000000000004,0.1,-0.25,0.15892412023898783,-0.07185484109183188,,,0
43.0,149.14999999999952,129.1749999999992,1.3000000000000207,3.5500000000000043,0.1,-0.25,-0.056081590873630155,-0.2195837427621449,151.77963081224408,129.98528630259105,1
43.1,149.2804999999995,129.52874999999918,1.3100000000000207,3.5250000000000044,0.1,-0.25,0.1712045632694803,-0.325054161609535,,,0
43.2,149.4119999999995,129.87999999999917,1.3200000000000207,3.5000000000000044,0.1,-0.25,0.08033700239684102,-0.17722583311813933,,,0
43.300000000000004,149.5444999999995,130.22874999999917,1.3300000000000207,3.4750000000000045,0.1,-0.25,-0.17463587387712956,-0.329187645598647,,,0
43.400000000000006,149.67799999999949,130.57499999999916,1.3400000000000207,3.4500000000000046,0.1,-0.25,0.23924454873527265,-0.25020889771650234,,,0
43.5,149.8124999999995,130.91874999999916,1.3500000000000207,3.4250000000000047,0.1,-0.25,0.009249893078690355,-0.10207955245588485,151.04841474637976,136.4972344228691,1
43.6,149.94799999999947,131.25999999999917,1.3600000000000207,3.400000000000005,0.1,-0.25,0.019914964243966812,-0.33366570189841355,,,0
43.7,150.08449999999945,131.59874999999917,1.3700000000000208,3.375000000000005,0.1,-0.25,-0.06046286169345347,-0.12914820411362488,,,0
43.800000000000004,150.22199999999944,131.93499999999918,1.3800000000000208,3.350000000000005,0.1,-0.25,0.0018575084968666805,-0.14838979469615465,,,0
43.900000000000006,150.36049999999943,132.2687499999992,1.3900000000000208,3.325000000000005,0.1,-0.25,0.16418356610423757,-0.39321877256962323,,,0
44.0,150.49999999999943,132.5999999999992,1.4000000000000208,3.300000000000005,0.1,-0.25,0.07161334885953918,-0.10391588076738986,151.90565833551804,134.57366403129873,1
44.1,150.64049999999943,132.9287499999992,1.4100000000000208,3.2750000000000052,0.1,-0.25,0.14929930034237215,-0.14521504819427422,,,0
44.2,150.7819999999994,133.25499999999923,1.4200000000000208,3.2500000000000053,0.1,-0.25,0.15428827808932655,-0.23471111689410137,,,0
44.300000000000004,150.9244999999994,133.57874999999922,1.4300000000000208,3.2250000000000054,0.1,-0.25,0.2980992483292251,-0.36434851870414786,,,0
44.400000000000006,151.0679999999994,133.8999999999992,1.4400000000000208,3.2000000000000055,0.1,-0.25,0.04858207737034311,-0.37888090278633546,,,0
44.5,151.21249999999938,134.2187499999992,1.4500000000000208,3.1750000000000056,0.1,-0.25,-0.12152867252685975,-0.3306493865354534,159.34473658165436,133.57733632572774,1
44.6,151.35799999999938,134.5349999999992,1.4600000000000208,3.1500000000000057,0.1,-0.25,0.26008336248579744,-0.168610830506206,,,0
44.7,151.50449999999938,134.8487499999992,1.4700000000000208,3.1250000000000058,0.1,-0.25,0.05027677418541181,-0.3933437751102097,,,0
44.800000000000004,151.65199999999936,135.1599999999992,1.4800000000000209,3.100000000000006,0.1,-0.25,0.2671888666866066,-0.18437316270701953,,,0
44.900000000000006,151.80049999999935,135.4687499999992,1.4900000000000209,3.075000000000006,0.1,-0.25,0.15750656697737056,-0.4362633293317589,,,0
45.0,151.94999999999933,135.7749999999992,1.5000000000000209,3.050000000000006,0.1,-0.25,0.08032937046949827,-0.28061028766582735,149.55635170914385,137.0583891947406,1
45.1,152.10049999999933,136.07874999999922,1.5100000000000209,3.025000000000006,0.1,-0.25,0.15231638410694426,-0.2335528368138987,,,0
45.2,152.25199999999933,136.37999999999923,1.520000000000021,3.000000000000006,0.1,-0.25,0.3926518840189449,0.11676952175883748,,,0
45.300000000000004,152.40449999999933,136.67874999999924,1.530000000000021,2.9750000000000063,0.1,-0.25,0.411547079358063,-0.4565973483280551,,,0
45.400000000000006,152.5579999999993,136.97499999999926,1.540000000000021,2.9500000000000064,0.1,-0.25,0.11040717026991681,-0.02919781502648,,,0
45.5,152.7124999999993,137.26874999999924,1.550000000000021,2.9250000000000065,0.1,-0.25,0.1240285889975613,-0.227523637901908,154.029473088166,135.68860382416062,1
45.6,152.86799999999928,137.55999999999923,1.560000000000021,2.9000000000000066,0.1,-0.25,0.2614360236199578,-0.18832421229760554,,,0
45.7,153.02449999999928,137.84874999999923,1.570000000000021,2.8750000000000067,0.1,-0.25,-0.026849154915102064,-0.23224781299176933,,,0
45.800000000000004,153.18199999999928,138.13499999999922,1.580000000000021,2.8500000000000068,0.1,-0.25,0.14996055589273827,-0.18329097727071506,,,0
45.900000000000006,153.34049999999928,138.41874999999922,1.590000000000021,2.825000000000007,0.1,-0.25,0.09612057280692154,-0.27305276565430264,,,0
46.0,153.49999999999926,138.69999999999922,1.600000000000021,2.800000000000007,0.1,-0.25,0.14708623171863305,-0.03189247278138127,150.4028089413347,145.62953326626945,1
46.1,153.66049999999925,138.97874999999922,1.610000000000021,2.775000000000007,0.1,-0.25,-0.025005320892410865,-0.31847067163370835,,,0
46.2,153.82199999999924,139.25499999999923,1.620000000000021,2.750000000000007,0.1,-0.25,-0.13843512399634533,-0.08016481417311286,,,0
46.300000000000004,153.98449999999923,139.52874999999923,1.630000000000021,2.725000000000007,0.1,-0.25,-0.21094751539869375,-0.34665506803195345,,,0
46.400000000000006,154.14799999999923,139.79999999999924,1.640000000000021,2.7000000000000073,0.1,-0.25,-0.06760761694844117,-0.25903777696019303,,,0
46.5,154.31249999999923,140.06874999999926,1.650000000000021,2.6750000000000074,0.1,-0.25,0.031198707259100053,-0.41079438284353287,155.2930304111633,137.87189385579302,1
46.6,154.4779999999992,140.33499999999927,1.660000000000021,2.6500000000000075,0.1,-0.25,0.056021262002685736,-0.181746441947872,,,0
46.7,154.6444999999992,140.59874999999928,1.670000000000021,2.6250000000000075,0.1,-0.25,0.39058467436442756,-0.03323110646101993,,,0
46.800000000000004,154.8119999999992,140.85999999999927,1.680000000000021,2.6000000000000076,0.1,-0.25,0.2658990054860947,-0.2616034269731281,,,0
46.900000000000006,154.98049999999918,141.11874999999927,1.690000000000021,2.5750000000000077,0.1,-0.25,-0.04431366745124407,-0.27953285480558643,,,0
47.0,155.14999999999918,141.37499999999926,1.700000000000021,2.550000000000008,0.1,-0.25,0.15215626786764355,-0.41719254446018905,157.89779090683797,141.04756454531525,1
47.1,155.32049999999919,141.62874999999926,1.710000000000021,2.525000000000008,0.1,-0.25,0.038938264547451244,-0.2843938980328462,,,0
47.2,155.49199999999917,141.87999999999926,1.720000000000021,2.500000000000008,0.1,-0.25,0.05734542429398574,-0.48891913895822914,,,0
47.300000000000004,155.66449999999915,142.12874999999926,1.730000000000021,2.475000000000008,0.1,-0.25,0.1277988474123073,-0.3869316980078241,,,0
47.400000000000006,155.83799999999914,142.37499999999926,1.740000000000021,2.450000000000008,0.1,-0.25,0.192875667546309,-0.2159820930836297,,,0
47.5,156.01249999999914,142.61874999999927,1.750000000000021,2.4250000000000083,0.1,-0.25,0.0491112274173977,-0.052148020338790596,155.25385566104563,144.30556861574274,1
47.6,156.18799999999914,142.85999999999927,1.760000000000021,2.4000000000000083,0.1,-0.25,0.25957772991015376,0.17138162918442545,,,0
47.7,156.36449999999914,143.09874999999928,1.7700000000000211,2.3750000000000084,0.1,-0.25,-0.0712907339213606,-0.3379877627606351,,,0
47.800000000000004,156.54199999999912,143.3349999999993,1.7800000000000211,2.3500000000000085,0.1,-0.25,0.10095085935434027,-0.03470497650318402,,,0
47.900000000000006,156.7204999999991,143.5687499999993,1.7900000000000211,2.3250000000000086,0.1,-0.25,0.4896510589893749,-0.2134371279397528,,,0
48.0,156.8999999999991,143.7999999999993,1.8000000000000211,2.3000000000000087,0.1,-0.25,0.13346196139379127,-0.2726871470119564,153.02435319530403,144.85788161175083,1
48.1,157.0804999999991,144.0287499999993,1.8100000000000211,2.275000000000009,0.1,-0.25,0.31498217599092593,-0.18511083224107716,,,0
48.2,157.2619999999991,144.25499999999928,1.8200000000000212,2.250000000000009,0.1,-0.25,0.11372802672598123,-0.24071252744800611,,,0
48.300000000000004,157.44449999999907,144.47874999999928,1.8300000000000212,2.225000000000009,0.1,-0.25,0.1871165642994695,-0.23344064115816723,,,0
48.400000000000006,157.62799999999905,144.69999999999928,1.8400000000000212,2.200000000000009,0.1,-0.25,0.09148252084109627,-0.3112499744240004,,,0
48.5,157.81249999999903,144.91874999999928,1.8500000000000212,2.175000000000009,0.1,-0.25,0.07443886282536934,-0.4597164489698276,163.5513644231943,146.3172829865912,1
48.6,157.99799999999902,145.13499999999928,1.8600000000000212,2.1500000000000092,0.1,-0.25,-0.016922359508812934,-0.48154378037831225,,,0
48.7,158.18449999999902,145.34874999999928,1.8700000000000212,2.1250000000000093,0.1,-0.25,0.16454520384363297,-0.15201326750781596,,,0
48.800000000000004,158.37199999999902,145.5599999999993,1.8800000000000212,2.1000000000000094,0.1,-0.25,-0.02773057837786519,-0.291505013512857,,,0
48.900000000000006,158.560499999999,145.7687499999993,1.8900000000000212,2.0750000000000095,0.1,-0.25,0.19983778544701436,-0.33941333494842496,,,0
49.0,158.74999999999898,145.9749999999993,1.9000000000000212,2.0500000000000096,0.1,-0.25,0.2627930506668865,-0.24872415599152697,157.6213636886486,144.4536841587146,1
49.1,158.94049999999896,146.17874999999933,1.9100000000000212,2.0250000000000097,0.1,-0.25,0.1549797110855845,-0.1307601620626559,,,0
49.2,159.13199999999895,146.37999999999934,1.9200000000000212,2.0000000000000098,0.1,-0.25,0.05706268996664623,-0.22294540854604028,,,0
49.300000000000004,159.32449999999895,146.57874999999933,1.9300000000000213,1.9750000000000099,0.1,-0.25,0.16809483689630442,-0.3484082404961451,,,0
49.400000000000006,159.51799999999895,146.77499999999932,1.9400000000000213,1.95000000000001,0.1,-0.25,0.053699041668038114,-0.06605605665265754,,,0
49.5,159.71249999999893,146.96874999999932,1.9500000000000213,1.92500000000001,0.1,-0.25,0.2403320688197724,-0.013122174552755217,158.4814800799636,146.20686196585598,1
49.6,159.9079999999989,147.15999999999931,1.9600000000000213,1.9000000000000101,0.1,-0.25,-0.17471091263226854,-0.175816501701572,,,0
49.7,160.1044999999989,147.3487499999993,1.9700000000000213,1.8750000000000102,0.1,-0.25,0.049658894782203075,-0.1039504732983865,,,0
49.800000000000004,160.30199999999888,147.53499999999931,1.9800000000000213,1.8500000000000103,0.1,-0.25,-0.19862179926859966,-0.06370600047792835,,,0
49.900000000000006,160.50049999999888,147.71874999999932,1.9900000000000213,1.8250000000000104,0.1,-0.25,-0.12425912453408075,-0.08048510253932295,,,0
50.0,160.69999999999888,147.89999999999932,2.0000000000000213,1.8000000000000105,0.1,-0.25,0.3045793344720864,-0.15788512343310646,159.56658040172405,150.64893432322302,1
50.1,160.90049999999886,148.07874999999933,2.010000000000021,1.7750000000000106,0.1,-0.25,0.2342777472957529,-0.1602479429387676,,,0
50.2,161.10199999999884,148.25499999999934,2.020000000000021,1.7500000000000107,0.1,-0.25,-0.007922034992718555,-0.1720509139980246,,,0
50.300000000000004,161.30449999999882,148.42874999999935,2.0300000000000207,1.7250000000000107,0.1,-0.25,-0.12537551840613453,-0.4146006511820565,,,0
50.400000000000006,161.50799999999882,148.59999999999937,2.0400000000000205,1.7000000000000108,0.1,-0.25,-0.3446793256762477,-0.14489152647106213,,,0
50.5,161.7124999999988,148.76874999999936,2.0500000000000203,1.675000000000011,0.1,-0.25,0.01847567381010483,-0.45337209566898307,156.51287269037186,151.35475015123575,1
50.6,161.9179999999988,148.93499999999935,2.06000000000002,1.650000000000011,0.1,-0.25,0.46306225183711036,-0.36918991826875824,,,0
50.7,162.1244999999988,149.09874999999934,2.07000000000002,1.625000000000011,0.1,-0.25,0.16523264071954713,-0.0544652398287869,,,0
50.800000000000004,162.33199999999877,149.25999999999934,2.0800000000000196,1.6000000000000112,0.1,-0.25,0.01606415709257658,-0.12396697559587039,,,0
50.900000000000006,162.54049999999876,149.41874999999933,2.0900000000000194,1.5750000000000113,0.1,-0.25,0.16976203142504592,-0.0268902565471206,,,0
51.0,162.74999999999875,149.57499999999933,2.100000000000019,1.5500000000000114,0.1,-0.25,-0.13414375294916642,-0.29075115755309383,161.61094042457106,150.70584335708546,1
51.1,162.96049999999875,149.72874999999934,2.110000000000019,1.5250000000000115,0.1,-0.25,0.05540149559535469,-0.42283732619151515,,,0
51.2,163.17199999999875,149.87999999999934,2.1200000000000188,1.5000000000000115,0.1,-0.25,0.11492162095236078,-0.28606557956055145,,,0
51.300000000000004,163.38449999999872,150.02874999999935,2.1300000000000185,1.4750000000000116,0.1,-0.25,0.08708490222684273,-0.23469530541391387,,,0
51.400000000000006,163.5979999999987,150.17499999999936,2.1400000000000183,1.4500000000000117,0.1,-0.25,0.2186209182535121,-0.23815169254899854,,,0
51.5,163.8124999999987,150.31874999999937,2.150000000000018,1.4250000000000118,0.1,-0.25,0.15169678393540786,-0.07994792818649477,160.4315362693961,154.30464320054767,1
51.6,164.02799999999868,150.45999999999938,2.160000000000018,1.400000000000012,0.1,-0.25,0.20024890271619955,-0.30419056375051684,,,0
51.7,164.24449999999868,150.5987499999994,2.1700000000000177,1.375000000000012,0.1,-0.25,-0.003255842334613901,-0.19719482922956136,,,0
51.800000000000004,164.46199999999868,150.7349999999994,2.1800000000000175,1.350000000000012,0.1,-0.25,0.23467231126158222,-0.3982940724151909,,,0
51.900000000000006,164.68049999999866,150.86874999999938,2.1900000000000173,1.3250000000000122,0.1,-0.25,0.3443405421435987,-0.18245240829342807,,,0
52.0,164.89999999999864,150.99999999999937,2.200000000000017,1.3000000000000123,0.0,0.0,-0.1455224279477119,0.0004662825278455117,168.63690488051427,153.8787715772496,1
52.1,165.11999999999864,151.12999999999937,2.200000000000017,1.3000000000000123,0.0,0.0,-0.13315434835718395,-0.11247200074267762,,,0
52.2,165.33999999999864,151.25999999999937,2.200000000000017,1.3000000000000123,0.0,0.0,0.20036765044803492,-0.03537440432622792,,,0
52.300000000000004,165.55999999999864,151.38999999999936,2.200000000000017,1.3000000000000123,0.0,0.0,-0.02870159800425904,-0.027626361977283246,,,0
52.400000000000006,165.77999999999864,151.51999999999936,2.200000000000017,1.3000000000000123,0.0,0.0,0.21057320880998354,-0.04052326940056442,,,0
52.5,165.99999999999864,151.64999999999935,2.200000000000017,1.3000000000000123,0.0,0.0,-0.06638035678382757,0.2657011863401525,161.455735672618,154.13736321319752,1
52.6,166.21999999999863,151.77999999999935,2.200000000000017,1.3000000000000123,0.0,0.0,0.2182568364406067,-0.014766900346181944,,,0
52.7,166.43999999999863,151.90999999999934,2.200000000000017,1.3000000000000123,0.0,0.0,0.019722872520817825,-0.03658441652660066,,,0
52.800000000000004,166.65999999999863,152.03999999999934,2.200000000000017,1.3000000000000123,0.0,0.0,0.03873432349840428,-0.3146176436415212,,,0
52.900000000000006,166.87999999999863,152.16999999999933,2.200000000000017,1.3000000000000123,0.0,0.0,0.23470770325048565,-0.1341311027969216,,,0
53.0,167.09999999999863,152.29999999999933,2.200000000000017,1.3000000000000123,0.0,0.0,-0.05426557161662569,-0.03946101366845293,168.31456526290575,147.48418625860162,1
53.1,167.31999999999863,152.42999999999932,2.200000000000017,1.3000000000000123,0.0,0.0,-0.14116831438874375,-0.10287790142649642,,,0
53.2,167.53999999999863,152.55999999999932,2.200000000000017,1.3000000000000123,0.0,0.0,-0.06728463120425315,0.20725613900666953,,,0
53.300000000000004,167.75999999999863,152.68999999999932,2.200000000000017,1.3000000000000123,0.0,0.0,0.0678500925964708,-0.024740666309432793,,,0
53.400000000000006,167.97999999999863,152.8199999999993,2.200000000000017,1.3000000000000123,0.0,0.0,-0.23486386082707714,0.19326663739773786,,,0
53.5,168.19999999999862,152.9499999999993,2.200000000000017,1.3000000000000123,0.0,0.0,0.09562063539766823,0.009255695107555204,168.12710784868617,154.0436034670991,1
53.6,168.41999999999862,153.0799999999993,2.200000000000017,1.3000000000000123,0.0,0.0,-0.08081569764266149,0.005584175463236495,,,0
53.7,168.63999999999862,153.2099999999993,2.200000000000017,1.3000000000000123,0.0,0.0,0.17217189911003453,-0.013319467156875141,,,0
53.800000000000004,168.85999999999862,153.3399999999993,2.200000000000017,1.3000000000000123,0.0,0.0,-0.3591390457350707,0.0005694377432188698,,,0
53.900000000000006,169.07999999999862,153.4699999999993,2.200000000000017,1.3000000000000123,0.0,0.0,-0.1179848662656253,0.2578192504574789,,,0
54.0,169.29999999999862,153.59999999999928,2.200000000000017,1.3000000000000123,0.0,0.0,-0.25297022268511526,-0.34794160901268273,170.96822582146808,154.13178410084586,1
54.1,169.51999999999862,153.72999999999928,2.200000000000017,1.3000000000000123,0.0,0.0,-0.12393441995459288,-0.3002318616658018,,,0
54.2,169.73999999999862,153.85999999999927,2.200000000000017,1.3000000000000123,0.0,0.0,0.03714988516634147,-0.08147562465841708,,,0
54.300000000000004,169.95999999999862,153.98999999999927,2.200000000000017,1.3000000000000123,0.0,0.0,-0.026883993817463234,0.002179182290635332,,,0
54.400000000000006,170.1799999999986,154.11999999999927,2.200000000000017,1.3000000000000123,0.0,0.0,-0.03800663534220224,0.10351566371460184,,,0
54.5,170.3999999999986,154.24999999999926,2.200000000000017,1.3000000000000123,0.0,0.0,-0.023877730707009118,0.07096307970412127,171.27369425054076,158.67083417675855,1
54.6,170.6199999999986,154.37999999999926,2.200000000000017,1.3000000000000123,0.0,0.0,0.03050823609299151,-0.057636886932085525,,,0
54.7,170.8399999999986,154.50999999999925,2.200000000000017,1.3000000000000123,0.0,0.0,-0.15128040629146616,0.15285655398626435,,,0
54.800000000000004,171.0599999999986,154.63999999999925,2.200000000000017,1.3000000000000123,0.0,0.0,0.10602744613485761,0.15452931047290963,,,0
54.900000000000006,171.2799999999986,154.76999999999924,2.200000000000017,1.3000000000000123,0.0,0.0,0.09939989555782258,0.027608674690734827,,,0
55.0,171.4999999999986,154.89999999999924,2.200000000000017,1.3000000000000123,0.0,0.0,0.057755690648415146,0.14439863587302618,175.17810172973066,146.29883513865101,1
55.1,171.7199999999986,155.02999999999923,2.200000000000017,1.3000000000000123,0.0,0.0,0.08348001641268947,0.04089678951481932,,,0
55.2,171.9399999999986,155.15999999999923,2.200000000000017,1.3000000000000123,0.0,0.0,0.04446270012129892,-0.08422245401743254,,,0
55.300000000000004,172.1599999999986,155.28999999999922,2.200000000000017,1.3000000000000123,0.0,0.0,0.3052609954096601,0.1046725258500007,,,0
55.400000000000006,172.3799999999986,155.41999999999922,2.200000000000017,1.3000000000000123,0.0,0.0,-0.013064125657876484,0.016591968386801655,,,0
55.5,172.5999999999986,155.54999999999922,2.200000000000017,1.3000000000000123,0.0,0.0,-0.04606248275018651,0.00020097701317303937,171.64768433548556,155.05604691736735,1
55.6,172.8199999999986,155.6799999999992,2.200000000000017,1.3000000000000123,0.0,0.0,-0.11302913705360668,0.22094303582843614,,,0
55.7,173.0399999999986,155.8099999999992,2.200000000000017,1.3000000000000123,0.0,0.0,-0.15483940058667553,-0.367630819281013,,,0
55.800000000000004,173.2599999999986,155.9399999999992,2.200000000000017,1.3000000000000123,0.0,0.0,-0.1866707681401613,-0.21265262552393546,,,0
55.900000000000006,173.4799999999986,156.0699999999992,2.200000000000017,1.3000000000000123,0.0,0.0,-0.13331959698463777,-0.17806056395615552,,,0
56.0,173.6999999999986,156.1999999999992,2.200000000000017,1.3000000000000123,0.0,0.0,-0.010602057247810697,-0.05448909713532084,168.44370428181767,156.48254917469612,1
56.1,173.9199999999986,156.3299999999992,2.200000000000017,1.3000000000000123,0.0,0.0,0.05014426927465717,-0.03819122546490452,,,0
56.2,174.1399999999986,156.45999999999918,2.200000000000017,1.3000000000000123,0.0,0.0,0.007671308782824267,-0.2260988471659571,,,0
56.300000000000004,174.3599999999986,156.58999999999918,2.200000000000017,1.3000000000000123,0.0,0.0,-0.11483029161445693,-0.14777370484662394,,,0
56.400000000000006,174.5799999999986,156.71999999999917,2.200000000000017,1.3000000000000123,0.0,0.0,0.1350276846029945,-0.1291262517785355,,,0
56.5,174.7999999999986,156.84999999999917,2.200000000000017,1.3000000000000123,0.0,0.0,0.11091190084514213,0.36861361381138374,178.54627331723012,153.5902964212274,1
56.6,175.0199999999986,156.97999999999917,2.200000000000017,1.3000000000000123,0.0,0.0,-0.02394724611330255,0.27026129216207195,,,0
56.7,175.2399999999986,157.10999999999916,2.200000000000017,1.3000000000000123,0.0,0.0,-0.0979374216997068,-0.06176241265269739,,,0
56.800000000000004,175.4599999999986,157.23999999999916,2.200000000000017,1.3000000000000123,0.0,0.0,0.08226418812446992,-0.05453749354601984,,,0
56.900000000000006,175.67999999999859,157.36999999999915,2.200000000000017,1.3000000000000123,0.0,0.0,0.028196038122915667,-0.17238059957824411,,,0
57.0,175.89999999999858,157.49999999999915,2.200000000000017,1.3000000000000123,0.0,0.0,-0.21721908891225714,-0.28621956198379,176.9092028160682,154.75252956810982,1
57.1,176.11999999999858,157.62999999999914,2.200000000000017,1.3000000000000123,0.0,0.0,-0.010197038397660734,-0.017532027961278604,,,0
57.2,176.33999999999858,157.75999999999914,2.200000000000017,1.3000000000000123,0.0,0.0,0.039305371811157154,-0.14967779748660384,,,0
57.300000000000004,176.55999999999858,157.88999999999913,2.200000000000017,1.3000000000000123,0.0,0.0,-0.13495421797316307,-0.012727579749301466,,,0
57.400000000000006,176.77999999999858,158.01999999999913,2.200000000000017,1.3000000000000123,0.0,0.0,0.02847650892561645,-0.2400308773565216,,,0
57.5,176.99999999999858,158.14999999999912,2.200000000000017,1.3000000000000123,0.0,0.0,-0.21822337278866835,-0.11429616874653867,174.98426392895954,162.58218090250924,1
57.6,177.21999999999858,158.27999999999912,2.200000000000017,1.3000000000000123,0.0,0.0,0.20042791500182564,0.022294064295424628,,,0
57.7,177.43999999999858,158.40999999999912,2.200000000000017,1.3000000000000123,0.0,0.0,0.18719249775891475,0.05493143966759061,,,0
57.800000000000004,177.65999999999858,158.5399999999991,2.200000000000017,1.3000000000000123,0.0,0.0,-0.03787760014544471,0.06262079381130217,,,0
57.900000000000006,177.87999999999857,158.6699999999991,2.200000000000017,1.3000000000000123,0.0,0.0,0.05451815067586097,-0.19807334762355558,,,0
58.0,178.09999999999857,158.7999999999991,2.200000000000017,1.3000000000000123,0.0,0.0,-0.36148829486998124,0.12820285952033425,176.4723265396631,160.18663746703098,1
58.1,178.31999999999857,158.9299999999991,2.200000000000017,1.3000000000000123,0.0,0.0,-0.1734521490397999,-0.12003175449027755,,,0
58.2,178.53999999999857,159.0599999999991,2.200000000000017,1.3000000000000123,0.0,0.0,-0.04406683802281947,0.09492868719109597,,,0
58.300000000000004,178.75999999999857,159.1899999999991,2.200000000000017,1.3000000000000123,0.0,0.0,-0.16081995321402887,-0.001595801492728972,,,0
58.400000000000006,178.97999999999857,159.31999999999908,2.200000000000017,1.3000000000000123,0.0,0.0,0.10715947239459882,-0.20645812486169218,,,0
58.5,179.19999999999857,159.44999999999908,2.200000000000017,1.3000000000000123,0.0,0.0,0.2995944796121991,-0.04742965568717819,173.5863456518156,165.03695268418372,1
58.6,179.41999999999857,159.57999999999907,2.200000000000017,1.3000000000000123,0.0,0.0,-0.1764922079143953,0.05480456130956514,,,0
58.7,179.63999999999857,159.70999999999907,2.200000000000017,1.3000000000000123,0.0,0.0,-0.1256195106127789,0.09194480707118985,,,0
58.800000000000004,179.85999999999856,159.83999999999907,2.200000000000017,1.3000000000000123,0.0,0.0,0.03531725524648955,-0.02114818461666279,,,0
58.900000000000006,180.07999999999856,159.96999999999906,2.200000000000017,1.3000000000000123,0.0,0.0,0.24166742227494312,0.2297668335901579,,,0
59.0,180.29999999999856,160.09999999999906,2.200000000000017,1.3000000000000123,0.0,0.0,-0.18335614688098548,0.15112661564798383,182.10795733891806,159.55250047204828,1
59.1,180.51999999999856,160.22999999999905,2.200000000000017,1.3000000000000123,0.0,0.0,0.037355418346041294,-0.03849811745996292,,,0
59.2,180.73999999999856,160.35999999999905,2.200000000000017,1.3000000000000123,0.0,0.0,0.2731948276219663,0.11251827182054167,,,0
59.300000000000004,180.95999999999856,160.48999999999904,2.200000000000017,1.3000000000000123,0.0,0.0,-0.2477638722268901,0.290069022778228,,,0
59.400000000000006,181.17999999999856,160.61999999999904,2.200000000000017,1.3000000000000123,0.0,0.0,-0.1921603810268748,0.294072690117454,,,0
59.5,181.39999999999856,160.74999999999903,2.200000000000017,1.3000000000000123,0.0,0.0,-0.06354099096912573,-0.1841999821233746,183.12663952999824,156.5205417131556,1
59.6,181.61999999999856,160.87999999999903,2.200000000000017,1.3000000000000123,0.0,0.0,-0.07808826192831166,-0.1389799666735726,,,0
59.7,181.83999999999855,161.00999999999902,2.200000000000017,1.3000000000000123,0.0,0.0,0.12189019316304668,0.22273781801007764,,,0
59.800000000000004,182.05999999999855,161.13999999999902,2.200000000000017,1.3000000000000123,0.0,0.0,0.03624895797312571,-0.15874215762564559,,,0
59.900000000000006,182.27999999999855,161.26999999999902,2.200000000000017,1.3000000000000123,0.0,0.0,-0.26624430894631923,-0.19838116999375185,,,0
60.0,182.49999999999855,161.399999999999,2.200000000000017,1.3000000000000123,0.0,0.0,0.07731156043512162,-0.07292911960485703,186.04759222525652,160.42804567350973,1
